{"graph_0": {"_type": "graph-file", "path": "media/graph/graph_0_summary_bcba80f2245e5a890ab1.graph.json", "sha256": "bcba80f2245e5a890ab144ce137e5f8728ae9fadbe9bf73206f28c0378bfda03", "size": 709}, "Epoch": 999, "Loss": 0.0007315282709896564, "Accuracy": 1.0, "_runtime": 7, "_timestamp": 1625856462, "_step": 1000, "gradients/fc3.bias": {"_type": "histogram", "values": [1.0, 0.0, 0.0, 0.0, 0.0, 0.0, 0.0, 0.0, 0.0, 0.0, 0.0, 0.0, 0.0, 0.0, 0.0, 0.0, 0.0, 0.0, 0.0, 0.0, 1.0, 0.0, 0.0, 0.0, 0.0, 0.0, 0.0, 0.0, 0.0, 0.0, 0.0, 0.0, 0.0, 0.0, 0.0, 0.0, 0.0, 0.0, 0.0, 0.0, 0.0, 0.0, 0.0, 0.0, 0.0, 0.0, 0.0, 0.0, 0.0, 0.0, 0.0, 0.0, 0.0, 0.0, 0.0, 0.0, 0.0, 0.0, 0.0, 0.0, 0.0, 0.0, 0.0, 1.0], "bins": [-8.384304237551987e-07, -8.086151410680031e-07, -7.787999152242264e-07, -7.489846893804497e-07, -7.191694066932541e-07, -6.893541240060586e-07, -6.595388981622818e-07, -6.297236723185051e-07, -5.999083896313095e-07, -5.70093106944114e-07, -5.402778811003373e-07, -5.104626552565605e-07, -4.80647372569365e-07, -4.508321183038788e-07, -4.2101686403839267e-07, -3.912016097729065e-07, -3.613863555074204e-07, -3.3157110124193423e-07, -3.017558469764481e-07, -2.7194059271096194e-07, -2.421253384454758e-07, -2.1231008417998964e-07, -1.824948299145035e-07, -1.5267957564901735e-07, -1.228643213835312e-07, -9.304906711804506e-08, -6.323381285255891e-08, -3.3418558587072766e-08, -3.60330432158662e-09, 2.6211949943899526e-08, 5.602720420938567e-08, 8.584245847487182e-08, 1.1565771274035797e-07, 1.454729670058441e-07, 1.7528822127133026e-07, 2.051034755368164e-07, 2.3491872980230255e-07, 2.647339840677887e-07, 2.9454923833327484e-07, 3.24364492598761e-07, 3.5417974686424714e-07, 3.839950011297333e-07, 4.1381025539521943e-07, 4.436255096607056e-07, 4.734407639261917e-07, 5.032560466133873e-07, 5.33071272457164e-07, 5.628864983009407e-07, 5.927017809881363e-07, 6.225170636753319e-07, 6.523322895191086e-07, 6.821475153628853e-07, 7.119627980500809e-07, 7.417780807372765e-07, 7.715933065810532e-07, 8.014085324248299e-07, 8.312238151120255e-07, 8.610390977992211e-07, 8.908543236429978e-07, 9.206695494867745e-07, 9.504848321739701e-07, 9.803001148611656e-07, 1.0101152838615235e-06, 1.039930566548719e-06, 1.0697458492359146e-06]}, "gradients/fc3.weight": {"_type": "histogram", "values": [2.0, 2.0, 0.0, 1.0, 1.0, 2.0, 3.0, 5.0, 0.0, 7.0, 3.0, 8.0, 3.0, 7.0, 6.0, 14.0, 12.0, 8.0, 4.0, 6.0, 5.0, 2.0, 4.0, 1.0, 2.0, 6.0, 2.0, 5.0, 11.0, 4.0, 8.0, 2.0, 9.0, 5.0, 4.0, 5.0, 5.0, 7.0, 3.0, 6.0, 5.0, 3.0, 2.0, 4.0, 2.0, 5.0, 5.0, 6.0, 6.0, 9.0, 12.0, 9.0, 5.0, 4.0, 8.0, 1.0, 5.0, 6.0, 5.0, 4.0, 1.0, 1.0, 1.0, 1.0], "bins": [-6.62186648696661e-05, -6.419096462195739e-05, -6.216326437424868e-05, -6.013556776451878e-05, -5.810787115478888e-05, -5.6080170907080173e-05, -5.4052470659371465e-05, -5.2024774049641564e-05, -4.9997077439911664e-05, -4.7969377192202955e-05, -4.5941680582473055e-05, -4.3913980334764346e-05, -4.1886283725034446e-05, -3.985858347732574e-05, -3.783088322961703e-05, -3.580318661988713e-05, -3.377548637217842e-05, -3.174778612446971e-05, -2.972008951473981e-05, -2.7692389267031103e-05, -2.5664692657301202e-05, -2.3636992409592494e-05, -2.160929398087319e-05, -1.9581595552153885e-05, -1.7553895304445177e-05, -1.5526196875725873e-05, -1.3498498447006568e-05, -1.1470799108792562e-05, -9.443100680073258e-06, -7.415402251353953e-06, -5.387702913139947e-06, -3.3600044844206423e-06, -1.3323078746907413e-06, 6.953907814022386e-07, 2.7230894374952186e-06, 4.750788320961874e-06, 6.7784867496811785e-06, 8.806185178400483e-06, 1.083388451661449e-05, 1.2861582945333794e-05, 1.4889279555063695e-05, 1.6916977983783e-05, 1.8944676412502304e-05, 2.0972376660211012e-05, 2.3000073269940913e-05, 2.502777351764962e-05, 2.7055471946368925e-05, 2.908317037508823e-05, 3.111087062279694e-05, 3.3138570870505646e-05, 3.516626748023555e-05, 3.7193967727944255e-05, 3.9221664337674156e-05, 4.1249364585382864e-05, 4.3277061195112765e-05, 4.530476144282147e-05, 4.733246169053018e-05, 4.936016193823889e-05, 5.138785854796879e-05, 5.34155587956775e-05, 5.54432554054074e-05, 5.747095565311611e-05, 5.9498655900824815e-05, 6.152635614853352e-05, 6.355404912028462e-05]}, "gradients/fc2.bias": {"_type": "histogram", "values": [3.0, 1.0, 3.0, 2.0, 1.0, 2.0, 3.0, 3.0, 3.0, 0.0, 0.0, 3.0, 1.0, 3.0, 2.0, 2.0, 2.0, 1.0, 1.0, 2.0, 0.0, 0.0, 0.0, 0.0, 0.0, 0.0, 4.0, 1.0, 1.0, 2.0, 3.0, 3.0, 1.0, 2.0, 3.0, 4.0, 0.0, 1.0, 2.0, 1.0, 0.0, 0.0, 0.0, 0.0, 0.0, 0.0, 2.0, 1.0, 4.0, 2.0, 1.0, 2.0, 5.0, 2.0, 4.0, 3.0, 4.0, 0.0, 2.0, 1.0, 0.0, 0.0, 0.0, 1.0], "bins": [-5.381293703976553e-07, -5.21199638114922e-07, -5.042698489887698e-07, -4.873401167060365e-07, -4.704103275798843e-07, -4.534805668754416e-07, -4.3655080617099884e-07, -4.1962107388826553e-07, -4.0269128476211336e-07, -3.857615240576706e-07, -3.6883176335322787e-07, -3.5190200264878513e-07, -3.349722419443424e-07, -3.1804248123989964e-07, -3.011127205354569e-07, -2.841829882527236e-07, -2.6725322754828085e-07, -2.503234668438381e-07, -2.3339370613939536e-07, -2.1646394543495262e-07, -1.9953418473050988e-07, -1.8260442402606714e-07, -1.656746775324791e-07, -1.4874491682803637e-07, -1.3181517033444834e-07, -1.148854096300056e-07, -9.795564892556285e-08, -8.102589532654747e-08, -6.409613462210473e-08, -4.7166373917661986e-08, -3.02366203186466e-08, -1.3306859614203859e-08, 3.622915301093599e-09, 2.0552674229179502e-08, 3.7482433157265405e-08, 5.441219030899447e-08, 7.134195101343721e-08, 8.827171171787995e-08, 1.0520146531689534e-07, 1.2213122602133808e-07, 1.3906100093663554e-07, 1.5599076164107828e-07, 1.7292052234552102e-07, 1.8985028304996376e-07, 2.067800437544065e-07, 2.2370980445884925e-07, 2.40639565163292e-07, 2.575692974460253e-07, 2.7449905815046804e-07, 2.914288188549108e-07, 3.0835857955935353e-07, 3.2528834026379627e-07, 3.42218100968239e-07, 3.5914786167268176e-07, 3.7607759395541507e-07, 3.9300738308156724e-07, 4.0993711536430055e-07, 4.268668760687433e-07, 4.4379663677318604e-07, 4.607263974776288e-07, 4.776561581820715e-07, 4.945858904648048e-07, 5.11515679590957e-07, 5.284454118736903e-07, 5.453752009998425e-07]}, "gradients/fc2.weight": {"_type": "histogram", "values": [1.0, 0.0, 0.0, 0.0, 0.0, 0.0, 1.0, 1.0, 1.0, 1.0, 4.0, 1.0, 3.0, 2.0, 1.0, 4.0, 4.0, 4.0, 6.0, 11.0, 5.0, 9.0, 6.0, 12.0, 9.0, 6.0, 4.0, 14.0, 18.0, 21.0, 36.0, 30.0, 19.0, 14.0, 14.0, 1657.0, 7801.0, 21.0, 10.0, 18.0, 30.0, 32.0, 27.0, 14.0, 8.0, 12.0, 13.0, 10.0, 8.0, 9.0, 9.0, 10.0, 9.0, 7.0, 8.0, 4.0, 6.0, 4.0, 3.0, 1.0, 4.0, 1.0, 1.0, 1.0],