{"graph_5": {"_type": "graph-file", "path": "media/graph/graph_5_summary_9d3d2cabb62fb34c2cc4.graph.json", "sha256": "9d3d2cabb62fb34c2cc4dfda5b75dc6fe43c3a0f670658fcb124263ef5adb9ff", "size": 709}, "Epoch": 999, "Loss": 0.7949427962303162, "Accuracy": 0.6612903475761414, "_runtime": 11, "_timestamp": 1625859589, "_step": 1001, "gradients/graph_5fc3.bias": {"_type": "histogram", "values": [1.0, 0.0, 0.0, 0.0, 0.0, 0.0, 0.0, 0.0, 0.0, 0.0, 0.0, 0.0, 0.0, 0.0, 0.0, 0.0, 0.0, 0.0, 0.0, 0.0, 0.0, 0.0, 0.0, 0.0, 0.0, 0.0, 0.0, 0.0, 0.0, 0.0, 0.0, 1.0, 0.0, 0.0, 0.0, 0.0, 0.0, 0.0, 0.0, 0.0, 0.0, 0.0, 0.0, 0.0, 0.0, 0.0, 0.0, 0.0, 0.0, 0.0, 0.0, 0.0, 0.0, 0.0, 0.0, 0.0, 0.0, 0.0, 0.0, 0.0, 0.0, 0.0, 0.0, 1.0], "bins": [-0.06453684717416763, -0.06251804530620575, -0.06049925088882446, -0.05848044902086258, -0.056461650878190994, -0.05444285273551941, -0.052424050867557526, -0.05040525272488594, -0.048386454582214355, -0.04636765643954277, -0.044348858296871185, -0.0423300564289093, -0.04031125828623772, -0.03829246014356613, -0.03627365827560425, -0.03425486013293266, -0.03223606199026108, -0.030217263847589493, -0.02819846384227276, -0.026179663836956024, -0.02416086569428444, -0.022142067551612854, -0.02012326754629612, -0.018104467540979385, -0.0160856693983078, -0.01406687032431364, -0.012048071250319481, -0.010029272176325321, -0.008010473102331161, -0.005991674028337002, -0.003972874954342842, -0.0019540758803486824, 6.471574306488037e-05, 0.00208351481705904, 0.0041023138910532, 0.0061211129650473595, 0.00813991203904152, 0.010158711113035679, 0.012177510187029839, 0.014196309261023998, 0.016215108335018158, 0.018233906477689743, 0.020252706483006477, 0.02227150648832321, 0.024290304630994797, 0.026309102773666382, 0.028327902778983116, 0.03034670278429985, 0.032365500926971436, 0.03438429906964302, 0.036403097212314606, 0.03842189908027649, 0.040440697222948074, 0.04245949536561966, 0.04447829723358154, 0.04649709537625313, 0.04851589351892471, 0.0505346916615963, 0.05255348980426788, 0.05457229167222977, 0.05659108981490135, 0.05860988795757294, 0.06062868982553482, 0.06264748424291611, 0.06466628611087799]}, "gradients/graph_5fc3.weight": {"_type": "histogram", "values": [17.0, 0.0, 0.0, 3.0, 0.0, 1.0, 0.0, 2.0, 0.0, 2.0, 0.0, 1.0, 1.0, 0.0, 1.0, 0.0, 1.0, 3.0, 0.0, 0.0, 1.0, 2.0, 1.0, 2.0, 1.0, 0.0, 0.0, 2.0, 2.0, 5.0, 6.0, 124.0, 69.0, 6.0, 5.0, 1.0, 1.0, 1.0, 0.0, 2.0, 1.0, 0.0, 2.0, 2.0, 0.0, 2.0, 1.0, 1.0, 1.0, 0.0, 1.0, 0.0, 1.0, 2.0, 0.0, 0.0, 2.0, 0.0, 1.0, 2.0, 1.0, 0.0, 0.0, 17.0], "bins": [-0.06448713690042496, -0.06246992573142052, -0.06045271456241608, -0.058435503393411636, -0.056418292224407196, -0.05440107733011246, -0.05238386616110802, -0.05036665499210358, -0.048349443823099136, -0.046332232654094696, -0.044315021485090256, -0.042297810316085815, -0.04028059542179108, -0.038263387978076935, -0.036246173083782196, -0.034228961914777756, -0.032211750745773315, -0.030194539576768875, -0.028177328407764435, -0.026160115376114845, -0.024142904207110405, -0.022125693038105965, -0.020108480006456375, -0.018091268837451935, -0.016074057668447495, -0.014056846499443054, -0.01203963439911604, -0.010022422298789024, -0.008005211129784584, -0.005987999960780144, -0.003970787860453129, -0.001953575760126114, 6.364285945892334e-05, 0.002080854494124651, 0.004098066128790379, 0.006115277763456106, 0.008132489398121834, 0.010149700567126274, 0.012166912667453289, 0.014184124767780304, 0.016201335936784744, 0.018218547105789185, 0.020235758274793625, 0.022252971306443214, 0.024270182475447655, 0.026287393644452095, 0.028304606676101685, 0.030321817845106125, 0.032339029014110565, 0.034356240183115005, 0.036373451352119446, 0.038390662521123886, 0.040407873690128326, 0.042425088584423065, 0.044442299753427505, 0.046459510922431946, 0.048476722091436386, 0.050493933260440826, 0.05251114442944527, 0.05452835559844971, 0.056545570492744446, 0.05856277793645859, 0.060579992830753326, 0.06259720027446747, 0.06461441516876221]}, "gradients/graph_5fc2.bias": {"_type": "histogram", "values": [1.0, 0.0, 0.0, 0.0, 0.0, 0.0, 0.0, 0.0, 0.0, 1.0, 0.0, 0.0, 0.0, 0.0, 0.0, 0.0, 0.0, 2.0, 0.0, 0.0, 0.0, 0.0, 0.0, 2.0, 0.0, 2.0, 5.0, 3.0, 6.0, 9.0, 7.0, 13.0, 14.0, 2.0, 6.0, 6.0, 4.0, 1.0, 2.0, 4.0, 2.0, 0.0, 0.0, 1.0, 3.0, 0.0, 0.0, 1.0, 0.0, 0.0, 1.0, 0.0, 0.0, 0.0, 0.0, 1.0, 0.0, 0.0, 0.0, 0.0, 0.0, 0.0, 0.0, 1.0], "bins": [-0.007398278918117285, -0.007166525814682245, -0.006934772711247206, -0.006703019607812166, -0.006471266504377127, -0.006239513400942087, -0.006007760763168335, -0.0057760076597332954, -0.005544254556298256, -0.005312501452863216, -0.005080748349428177, -0.004848995245993137, -0.004617242142558098, -0.004385489039123058, -0.004153735935688019, -0.003921982832252979, -0.0036902297288179398, -0.0034584766253829002, -0.0032267235219478607, -0.002994970418512821, -0.0027632173150777817, -0.002531464211642742, -0.0022997113410383463, -0.0020679582376033068, -0.001836205366998911, -0.0016044522635638714, -0.0013726991601288319, -0.0011409461731091142, -0.0009091930696740746, -0.0006774399662390351, -0.00044568697921931744, -0.00021393387578427792, 1.781899482011795e-05, 0.000249572069151327, 0.0004813251434825361, 0.0007130781887099147, 0.0009448312921449542, 0.0011765843955799937, 0.0014083373825997114, 0.001640090486034751, 0.0018718438223004341, 0.0021035969257354736, 0.002335350029170513, 0.0025671031326055527, 0.002798856236040592, 0.0030306093394756317, 0.0032623622100800276, 0.003494115313515067, 0.003725868184119463, 0.0039576212875545025, 0.004189374390989542, 0.0044211274944245815, 0.004652880597859621, 0.004884633701294661, 0.005116386339068413, 0.005348139442503452, 0.005579892545938492, 0.005811645649373531, 0.006043398752808571, 0.00627515185624361, 0.00650690495967865, 0.006738658063113689, 0.006970411166548729, 0.0072021642699837685, 0.007433917373418808]}, "gradients/graph_5fc2.weight": {"_type": "histogram", "values": [61.0, 0.0, 0.0, 0.0, 0.0, 0.0, 0.0, 0.0, 0.0, 61.0, 0.0, 0.0, 0.0, 0.0, 0.0, 0.0, 0.0, 122.0, 0.0, 0.0, 0.0, 0.0, 0.0, 122.0, 0.0, 122.0, 305.0, 186.0, 367.0, 555.0, 433.0, 4645.0, 870.0, 127.0, 372.0, 369.0, 245.0, 61.0, 122.0, 244.0, 122.0, 0.0, 0.0, 61.0, 183.0, 1.0, 0.0, 61.0, 0.0, 0.0, 61.0, 0.0, 0.0, 0.0, 0.0, 61.0, 0.0, 0.0, 0.0, 0.0, 0.0, 0.0, 0.0, 61.0], "bins": [-0.007398279383778572, -0.0071665262803435326, -0.006934773176908493, -0.0067030200734734535, -0.006471266970038414, -0.0062395138666033745, -0.006007761228829622, -0.005776008125394583, -0.005544255021959543, -0.005312501918524504, -0.005080748815089464, -0.004848995711654425, -0.0046172430738806725, -0.004385489970445633, -0.004153736867010593, -0.003921983763575554, -0.0036902306601405144, -0.003458477556705475, -0.0032267244532704353, -0.0029949715826660395, -0.002763218479231, -0.0025314653757959604, -0.0022997125051915646, -0.002067959401756525, -0.0018362062983214855, -0.001604453194886446, -0.0013727002078667283, -0.0011409472208470106, -0.0009091941174119711, -0.0006774410139769316, -0.0004456880269572139, -0.00021393503993749619, 1.7818529158830643e-05, 0.00024957157438620925, 0.00048132461961358786, 0.0007130776648409665, 0.0009448307100683451, 0.0011765838135033846, 0.0014083368005231023, 0.00164008978754282, 0.0018718428909778595, 0.002103595994412899, 0.0023353490978479385, 0.0025671019684523344, 0.002798855071887374, 0.0030306081753224134, 0.0032623610459268093, 0.003494114149361849, 0.0037258672527968884, 0.003957620356231928, 0.004189373459666967, 0.004421126563102007, 0.004652879200875759, 0.004884632304310799, 0.005116385407745838, 0.005348138511180878, 0.005579891614615917, 0.005811644718050957, 0.006043397821485996, 0.006275150924921036, 0.006506904028356075, 0.006738657131791115, 0.006970409769564867, 0.0072021628729999065, 0.007433915976434946]}, "gradients/graph_5fc1.bias": {"_type": "histogram",