{"graph_0": {"_type": "graph-file", "path": "media/graph/graph_0_summary_81dbabdcb9c5cdbabe5f.graph.json", "sha256": "81dbabdcb9c5cdbabe5fd3e45f6de89145886ad4dc2b679229f4045faf9eb039", "size": 709}, "Epoch": 999, "Loss": 0.14572003483772278, "Accuracy": 0.9274193644523621, "_runtime": 7, "_timestamp": 1625856862, "_step": 1000, "gradients/fc3.bias": {"_type": "histogram", "values": [1.0, 0.0, 0.0, 0.0, 0.0, 0.0, 0.0, 0.0, 0.0, 0.0, 0.0, 0.0, 0.0, 0.0, 0.0, 0.0, 0.0, 0.0, 0.0, 0.0, 0.0, 0.0, 0.0, 1.0, 0.0, 0.0, 0.0, 0.0, 0.0, 0.0, 0.0, 0.0, 0.0, 0.0, 0.0, 0.0, 0.0, 0.0, 0.0, 0.0, 0.0, 0.0, 0.0, 0.0, 0.0, 0.0, 0.0, 0.0, 0.0, 0.0, 0.0, 0.0, 0.0, 0.0, 0.0, 0.0, 0.0, 0.0, 0.0, 0.0, 0.0, 0.0, 0.0, 1.0], "bins": [-0.017715563997626305, -0.017109781503677368, -0.01650399900972843, -0.015898216515779495, -0.015292433090507984, -0.014686650596559048, -0.014080867171287537, -0.0134750846773386, -0.012869302183389664, -0.012263519689440727, -0.01165773719549179, -0.01105195377022028, -0.010446171276271343, -0.009840388782322407, -0.009234605357050896, -0.00862882286310196, -0.008023040369153023, -0.007417257875204086, -0.0068114749155938625, -0.006205691955983639, -0.005599909462034702, -0.004994126968085766, -0.004388344008475542, -0.0037825610488653183, -0.003176778554916382, -0.0025709958281368017, -0.0019652131013572216, -0.0013594303745776415, -0.0007536476477980614, -0.00014786492101848125, 0.00045791780576109886, 0.0010637007653713226, 0.0016694813966751099, 0.00227526412345469, 0.00288104685023427, 0.00348682957701385, 0.00409261230379343, 0.004698394797742367, 0.0053041777573525906, 0.005909960716962814, 0.006515743210911751, 0.007121525704860687, 0.007727308664470911, 0.008333091624081135, 0.008938874118030071, 0.009544656611979008, 0.010150440037250519, 0.010756222531199455, 0.011362005025148392, 0.011967787519097328, 0.012573570013046265, 0.013179353438317776, 0.013785135932266712, 0.014390918426215649, 0.01499670185148716, 0.015602484345436096, 0.016208266839385033, 0.01681404933333397, 0.017419831827282906, 0.018025614321231842, 0.018631398677825928, 0.019237181171774864, 0.0198429636657238, 0.020448746159672737, 0.021054528653621674]}, "gradients/fc3.weight": {"_type": "histogram", "values": [9.0, 0.0, 0.0, 1.0, 1.0, 0.0, 5.0, 9.0, 5.0, 2.0, 2.0, 3.0, 3.0, 1.0, 4.0, 6.0, 5.0, 2.0, 1.0, 2.0, 7.0, 8.0, 6.0, 17.0, 12.0, 6.0, 8.0, 13.0, 12.0, 42.0, 2.0, 5.0, 4.0, 2.0, 6.0, 7.0, 6.0, 4.0, 8.0, 3.0, 13.0, 4.0, 2.0, 1.0, 1.0, 2.0, 1.0, 2.0, 3.0, 1.0, 1.0, 1.0, 2.0, 5.0, 4.0, 5.0, 4.0, 0.0, 0.0, 0.0, 0.0, 0.0, 0.0, 9.0], "bins": [-0.017667662352323532, -0.017063453793525696, -0.01645924523472786, -0.015855036675930023, -0.015250827185809612, -0.014646618627011776, -0.014042409136891365, -0.013438200578093529, -0.012833992019295692, -0.012229783460497856, -0.01162557490170002, -0.011021365411579609, -0.010417156852781773, -0.009812948293983936, -0.009208738803863525, -0.008604530245065689, -0.008000321686267853, -0.0073961131274700165, -0.006791904103010893, -0.006187695078551769, -0.005583486519753933, -0.004979277960956097, -0.004375068936496973, -0.0037708599120378494, -0.003166651353240013, -0.002562442561611533, -0.001958233769983053, -0.0013540249783545732, -0.0007498161867260933, -0.00014560739509761333, 0.0004586013965308666, 0.0010628104209899902, 0.0016670189797878265, 0.0022712277714163065, 0.0028754365630447865, 0.0034796453546732664, 0.004083854146301746, 0.004688062705099583, 0.005292271729558706, 0.00589648075401783, 0.006500689312815666, 0.0071048978716135025, 0.007709106896072626, 0.00831331592053175, 0.008917524479329586, 0.009521733038127422, 0.010125942528247833, 0.01073015108704567, 0.011334359645843506, 0.011938568204641342, 0.012542776763439178, 0.01314698625355959, 0.013751194812357426, 0.014355403371155262, 0.014959612861275673, 0.01556382142007351, 0.016168029978871346, 0.016772238537669182, 0.017376447096467018, 0.017980655655264854, 0.01858486607670784, 0.019189074635505676, 0.019793283194303513, 0.02039749175310135, 0.021001700311899185]}, "gradients/fc2.bias": {"_type": "histogram", "values": [3.0, 1.0, 0.0, 2.0, 2.0, 0.0, 1.0, 1.0, 2.0, 1.0, 2.0, 1.0, 0.0, 3.0, 0.0, 0.0, 0.0, 0.0, 0.0, 0.0, 2.0, 1.0, 0.0, 1.0, 2.0, 2.0, 4.0, 3.0, 6.0, 7.0, 3.0, 17.0, 4.0, 1.0, 5.0, 3.0, 3.0, 0.0, 0.0, 0.0, 0.0, 0.0, 0.0, 1.0, 2.0, 1.0, 1.0, 2.0, 2.0, 3.0, 0.0, 0.0, 2.0, 0.0, 0.0, 0.0, 1.0, 0.0, 0.0, 0.0, 1.0, 0.0, 0.0, 1.0], "bins": [-0.005631298292428255, -0.0054513863287866116, -0.005271473899483681, -0.005091561935842037, -0.004911649972200394, -0.00473173800855875, -0.004551826044917107, -0.004371913615614176, -0.004192001651972532, -0.004012089688330889, -0.0038321774918586016, -0.0036522652953863144, -0.003472353331744671, -0.0032924413681030273, -0.00311252917163074, -0.002932616975158453, -0.0027527050115168095, -0.002572793047875166, -0.0023928808514028788, -0.0022129686549305916, -0.002033056691288948, -0.0018531446112319827, -0.0016732325311750174, -0.001493320451118052, -0.0013134083710610867, -0.0011334962910041213, -0.000953584210947156, -0.0007736721308901906, -0.0005937600508332253, -0.0004138479707762599, -0.00023393589071929455, -5.40238106623292e-05, 0.00012588826939463615, 0.0003058003494516015, 0.00048571242950856686, 0.0006656245095655322, 0.0008455365896224976, 0.001025448669679463, 0.0012053607497364283, 0.0013852728297933936, 0.001565184909850359, 0.0017450969899073243, 0.0019250090699642897, 0.002104921266436577, 0.0022848332300782204, 0.002464745193719864, 0.002644657390192151, 0.0028245695866644382, 0.0030044815503060818, 0.0031843935139477253, 0.0033643057104200125, 0.0035442179068922997, 0.003724129870533943, 0.0039040418341755867, 0.00408395379781723, 0.004263866227120161, 0.004443778190761805, 0.004623690154403448, 0.004803602583706379, 0.0049835145473480225, 0.005163426510989666, 0.0053433384746313095, 0.005523250438272953, 0.005703162867575884, 0.005883074831217527]}, "gradients/fc2.weight": {"_type": "histogram", "values": [140.0, 48.0, 0.0, 94.0, 94.0, 0.0, 47.0, 47.0, 94.0, 47.0, 93.0, 48.0, 1.0, 140.0, 0.0, 0.0, 0.0, 2.0, 2.0, 4.0, 144.0, 2.0, 5.0, 97.0, 100.0, 95.0, 147.0, 186.0, 239.0, 334.0, 332.0, 5877.0, 143.0, 191.0, 95.0, 234.0, 52.0, 8.0, 9.0, 1.0, 1.0, 4.0, 4.0, 47.0, 93.0, 49.0, 47.0, 140.0, 48.0, 140.0, 0.0, 47.0, 47.0, 0.0, 0.0, 0.0, 47.0, 0.0, 0.0, 0.0, 47.0, 0.0, 0.0, 47.0], "bins": [-0.00564710795879364, -0.005466106813400984, -0.0052851056680083275, -0.005104104056954384, -0.0049231029115617275, -0.004742101766169071, -0.004561100620776415, -0.0043800994753837585, -0.004199097864329815, -0.004018096718937159, -0.0038370953407138586, -0.0036560941953212023, -0.0034750928170979023, -0.003294091671705246, -0.0031130905263125896, -0.0029320893809199333, -0.002751088235527277, -0.0025700870901346207, -0.0023890857119113207, -0.0022080845665186644, -0.0020270831882953644, -0.001846082042902708, -0.0016650808975100517, -0.0014840796357020736, -0.001303078606724739, -0.001122077344916761, -0.0009410761413164437, -0.0007600749377161264, -0.0005790736759081483, -0.00039807241410017014, -0.0002170712687075138, -3.6070006899535656e-05, 0.00014493102207779884, 0.00032593225478194654, 0.0005069334874860942, 0.0006879346910864115, 0.0008689359528943896, 0.0010499372147023678, 0.0012309383600950241, 0.0014119396219030023, 0.001592941116541624, 0.0017739423783496022, 0.0019549436401575804, 0.0021359447855502367, 0.0023169461637735367, 0.002497947309166193, 0.0026789484545588493, 0.0028599495999515057, 0.003040950745344162, 0.0032219518907368183, 0.0034029532689601183, 0.0035839544143527746, 0.0037649557925760746, 0.003945956937968731, 0.004126958083361387, 0.004307959228754044, 0.004488960839807987, 0.0046699619852006435, 0.0048509631305933, 0.0050319647416472435, 0.0052129658870399, 0.005393967032432556, 0.0055749681778252125, 0.005755969323217869, 0.005936970468610525]}, "gradients/fc1.bias": {"_type": "histogram",