{"graph_0": {"_type": "graph-file", "path": "media/graph/graph_0_summary_ba880e4000fd8dc40f62.graph.json", "sha256": "ba880e4000fd8dc40f62adeab70f7bff2c4fc28923a6b0aff88e7c5490dda719", "size": 709}, "Epoch": 999, "Loss": 0.04470105469226837, "Accuracy": 0.9838709831237793, "_runtime": 7, "_timestamp": 1625854247, "_step": 1000, "gradients/fc3.bias": {"_type": "histogram", "values": [1.0, 0.0, 0.0, 0.0, 0.0, 0.0, 0.0, 0.0, 0.0, 0.0, 0.0, 0.0, 0.0, 0.0, 0.0, 0.0, 0.0, 0.0, 0.0, 0.0, 0.0, 0.0, 0.0, 0.0, 0.0, 0.0, 0.0, 0.0, 0.0, 0.0, 0.0, 0.0, 0.0, 0.0, 0.0, 0.0, 0.0, 0.0, 0.0, 0.0, 0.0, 0.0, 0.0, 0.0, 0.0, 1.0, 0.0, 0.0, 0.0, 0.0, 0.0, 0.0, 0.0, 0.0, 0.0, 0.0, 0.0, 0.0, 0.0, 0.0, 0.0, 0.0, 0.0, 1.0], "bins": [-3.9070844650268555e-05, -3.7996571336407214e-05, -3.6922298022545874e-05, -3.5848024708684534e-05, -3.4773751394823194e-05, -3.369947808096185e-05, -3.262520476710051e-05, -3.155093145323917e-05, -3.0476658139377832e-05, -2.9402384825516492e-05, -2.8328111511655152e-05, -2.725383819779381e-05, -2.617956488393247e-05, -2.510529157007113e-05, -2.403101825620979e-05, -2.295674494234845e-05, -2.188247162848711e-05, -2.080819831462577e-05, -1.973392500076443e-05, -1.865965168690309e-05, -1.758537837304175e-05, -1.651110505918041e-05, -1.543683174531907e-05, -1.4362558431457728e-05, -1.3288285117596388e-05, -1.2214011803735048e-05, -1.1139738489873707e-05, -1.0065465176012367e-05, -8.991191862151027e-06, -7.916918548289686e-06, -6.842645234428346e-06, -5.768371920567006e-06, -4.694098606705666e-06, -3.6198252928443253e-06, -2.545551978982985e-06, -1.4712786651216447e-06, -3.9700535126030445e-07, 6.772679626010358e-07, 1.7515412764623761e-06, 2.8258145903237164e-06, 3.900087904185057e-06, 4.974361218046397e-06, 6.048634531907737e-06, 7.1229078457690775e-06, 8.197181159630418e-06, 9.271454473491758e-06, 1.0345727787353098e-05, 1.1420001101214439e-05, 1.2494274415075779e-05, 1.356854772893712e-05, 1.464282104279846e-05, 1.57170943566598e-05, 1.679136767052114e-05, 1.786564098438248e-05, 1.893991429824382e-05, 2.001418761210516e-05, 2.10884609259665e-05, 2.216273423982784e-05, 2.3237007553689182e-05, 2.4311280867550522e-05, 2.5385554181411862e-05, 2.6459827495273203e-05, 2.7534100809134543e-05, 2.8608374122995883e-05, 2.9682647436857224e-05]}, "gradients/fc3.weight": {"_type": "histogram", "values": [1.0, 1.0, 5.0, 6.0, 5.0, 0.0, 3.0, 2.0, 4.0, 7.0, 4.0, 6.0, 4.0, 6.0, 3.0, 7.0, 6.0, 9.0, 10.0, 5.0, 4.0, 5.0, 3.0, 2.0, 2.0, 4.0, 5.0, 1.0, 4.0, 6.0, 8.0, 10.0, 7.0, 10.0, 3.0, 4.0, 2.0, 9.0, 3.0, 3.0, 5.0, 4.0, 6.0, 3.0, 6.0, 6.0, 5.0, 6.0, 8.0, 9.0, 11.0, 5.0, 8.0, 5.0, 8.0, 4.0, 2.0, 3.0, 2.0, 1.0, 1.0, 2.0, 0.0, 1.0], "bins": [-0.00021228846162557602, -0.00020561892597470433, -0.00019894939032383263, -0.0001922798401210457, -0.00018561030447017401, -0.00017894076881930232, -0.00017227123316843063, -0.00016560169751755893, -0.00015893216186668724, -0.00015226262621581554, -0.00014559309056494385, -0.00013892355491407216, -0.00013225400471128523, -0.00012558446906041354, -0.00011891493340954185, -0.00011224539775867015, -0.00010557585483184084, -9.890631918096915e-05, -9.223677625413984e-05, -8.556724060326815e-05, -7.889770495239645e-05, -7.222816930152476e-05, -6.555862637469545e-05, -5.8889090723823756e-05, -5.221954779699445e-05, -4.5550008508143947e-05, -3.888047285727225e-05, -3.221093356842175e-05, -2.5541396098560654e-05, -1.8871858628699556e-05, -1.2202319339849055e-05, -5.532783688977361e-06, 1.1367519618943334e-06, 7.806289431755431e-06, 1.447582781111123e-05, 2.114536619046703e-05, 2.7814903660328127e-05, 3.4484441130189225e-05, 4.1153980419039726e-05, 4.782351606991142e-05, 5.4493051720783114e-05, 6.116258737165481e-05, 6.783213029848412e-05, 7.450166594935581e-05, 8.11712016002275e-05, 8.784074452705681e-05, 9.451028017792851e-05, 0.0001011798158288002, 0.00010784935875562951, 0.0001145188944065012, 0.00012118843733333051, 0.0001278579729842022, 0.0001345275086350739, 0.0001411970442859456, 0.0001478665799368173, 0.0001545361301396042, 0.0001612056657904759, 0.0001678752014413476, 0.0001745447370922193, 0.000181214272743091, 0.0001878838229458779, 0.0001945533585967496, 0.0002012228942476213, 0.000207892429898493, 0.00021456196554936469]}, "gradients/fc2.bias": {"_type": "histogram", "values": [1.0, 0.0, 0.0, 0.0, 0.0, 0.0, 0.0, 0.0, 1.0, 0.0, 0.0, 0.0, 0.0, 0.0, 0.0, 2.0, 0.0, 1.0, 0.0, 0.0, 0.0, 0.0, 0.0, 0.0, 2.0, 1.0, 1.0, 2.0, 2.0, 0.0, 0.0, 2.0, 1.0, 4.0, 3.0, 5.0, 4.0, 8.0, 5.0, 7.0, 4.0, 5.0, 5.0, 9.0, 4.0, 8.0, 6.0, 2.0, 1.0, 0.0, 0.0, 1.0, 0.0, 0.0, 1.0, 0.0, 0.0, 1.0, 0.0, 0.0, 0.0, 0.0, 0.0, 1.0], "bins": [-1.3617958757095039e-05, -1.3301371836860199e-05, -1.2984784916625358e-05, -1.266819890588522e-05, -1.235161198565038e-05, -1.2035025065415539e-05, -1.17184390546754e-05, -1.140185213444056e-05, -1.108526521420572e-05, -1.076867829397088e-05, -1.0452091373736039e-05, -1.01355053629959e-05, -9.81891844276106e-06, -9.50233152252622e-06, -9.185745511786081e-06, -8.86915859155124e-06, -8.5525716713164e-06, -8.23598475108156e-06, -7.91939783084672e-06, -7.602811820106581e-06, -7.2862248998717405e-06, -6.9696379796369e-06, -6.653051514149411e-06, -6.336465048661921e-06, -6.019878128427081e-06, -5.7032912081922404e-06, -5.386704742704751e-06, -5.0701182772172615e-06, -4.753531356982421e-06, -4.436944436747581e-06, -4.120357971260091e-06, -3.8037712783989264e-06, -3.4871845855377614e-06, -3.1705978926765965e-06, -2.8540111998154316e-06, -2.5374245069542667e-06, -2.2208378140931018e-06, -1.9042511212319368e-06, -1.587664428370772e-06, -1.271077735509607e-06, -9.54491042648442e-07, -6.379043497872772e-07, -3.2131765692611225e-07, -4.7309640649473295e-09, 3.118557287962176e-07, 6.284424216573825e-07, 9.450291145185474e-07, 1.2616158073797124e-06, 1.5782025002408773e-06, 1.8947891931020422e-06, 2.211375885963207e-06, 2.527962578824372e-06, 2.844549271685537e-06, 3.161135964546702e-06, 3.477722657407867e-06, 3.7943093502690317e-06, 4.110896043130197e-06, 4.427482963365037e-06, 4.7440694288525265e-06, 5.060655894340016e-06, 5.377242814574856e-06, 5.693829734809697e-06, 6.010416200297186e-06, 6.327002665784676e-06, 6.643589586019516e-06]}, "gradients/fc2.weight": {"_type": "histogram", "values": [1.0, 1.0, 2.0, 2.0, 0.0, 3.0, 0.0, 2.0, 6.0, 3.0, 3.0, 5.0, 5.0, 4.0, 6.0, 6.0, 7.0, 7.0, 10.0, 5.0, 12.0, 3.0, 6.0, 5.0, 4.0, 56.0, 149.0, 344.0, 1697.0, 7306.0, 154.0, 55.0, 8.0, 7.0, 13.0, 11.0, 6.0, 6.0, 7.0, 8.0, 12.0, 5.0, 6.0, 7.0, 13.0, 2.0, 2.0, 2.0, 1.0, 3.0, 0.0, 2.0, 3.0, 1.0, 1.0, 1.0, 0.0, 1.0, 0.0, 2.0, 0.0, 0.0, 0.0, 1.0],