{"graph_0": {"_type": "graph-file", "path": "media/graph/graph_0_summary_12076371eef0f861e537.graph.json", "sha256": "12076371eef0f861e53754c47578487259be9c372c543fed8d90f804467d15ca", "size": 709}, "Epoch": 999, "Loss": 0.2617388665676117, "Accuracy": 0.9112903475761414, "_runtime": 7, "_timestamp": 1625854134, "_step": 1000, "gradients/fc3.bias": {"_type": "histogram", "values": [1.0, 0.0, 0.0, 0.0, 0.0, 0.0, 0.0, 0.0, 0.0, 0.0, 0.0, 0.0, 0.0, 0.0, 0.0, 0.0, 0.0, 0.0, 0.0, 1.0, 0.0, 0.0, 0.0, 0.0, 0.0, 0.0, 0.0, 0.0, 0.0, 0.0, 0.0, 0.0, 0.0, 0.0, 0.0, 0.0, 0.0, 0.0, 0.0, 0.0, 0.0, 0.0, 0.0, 0.0, 0.0, 0.0, 0.0, 0.0, 0.0, 0.0, 0.0, 0.0, 0.0, 0.0, 0.0, 0.0, 0.0, 0.0, 0.0, 0.0, 0.0, 0.0, 0.0, 1.0], "bins": [-0.017059843987226486, -0.016446314752101898, -0.01583278551697731, -0.015219256281852722, -0.014605727046728134, -0.013992197811603546, -0.013378669507801533, -0.012765140272676945, -0.012151611037552357, -0.011538081802427769, -0.01092455256730318, -0.010311023332178593, -0.00969749502837658, -0.009083965793251991, -0.008470436558127403, -0.007856907323002815, -0.007243378087878227, -0.006629848852753639, -0.006016319617629051, -0.0054027908481657505, -0.0047892616130411625, -0.0041757323779165745, -0.00356220337562263, -0.0029486743733286858, -0.0023351451382040977, -0.0017216160194948316, -0.0011080869007855654, -0.0004945577820762992, 0.000118971336632967, 0.000732500571757555, 0.0013460295740514994, 0.0019595585763454437, 0.002573089674115181, 0.003186618909239769, 0.0038001479115337133, 0.004413676913827658, 0.005027206148952246, 0.005640735384076834, 0.006254264153540134, 0.0068677933886647224, 0.0074813226237893105, 0.008094851858913898, 0.008708381094038486, 0.009321910329163074, 0.009935438632965088, 0.010548967868089676, 0.011162497103214264, 0.011776026338338852, 0.01238955557346344, 0.013003084808588028, 0.013616614043712616, 0.014230143278837204, 0.014843672513961792, 0.01545720174908638, 0.016070730984210968, 0.016684260219335556, 0.017297789454460144, 0.017911318689584732, 0.01852484792470932, 0.019138377159833908, 0.019751906394958496, 0.020365435630083084, 0.020978964865207672, 0.02159249410033226, 0.0222060214728117]}, "gradients/fc3.weight": {"_type": "histogram", "values": [1.0, 2.0, 4.0, 6.0, 8.0, 4.0, 1.0, 2.0, 0.0, 0.0, 1.0, 4.0, 1.0, 2.0, 4.0, 0.0, 1.0, 1.0, 7.0, 3.0, 14.0, 5.0, 3.0, 8.0, 11.0, 20.0, 27.0, 52.0, 16.0, 16.0, 9.0, 5.0, 1.0, 5.0, 2.0, 1.0, 1.0, 3.0, 0.0, 0.0, 3.0, 2.0, 4.0, 4.0, 3.0, 0.0, 2.0, 1.0, 4.0, 1.0, 2.0, 9.0, 6.0, 2.0, 1.0, 0.0, 0.0, 0.0, 1.0, 0.0, 0.0, 2.0, 1.0, 1.0], "bins": [-0.016112051904201508, -0.01552930474281311, -0.014946557581424713, -0.014363810420036316, -0.013781064189970493, -0.013198317028582096, -0.012615569867193699, -0.012032823637127876, -0.011450076475739479, -0.010867329314351082, -0.010284582152962685, -0.009701834991574287, -0.009119088761508465, -0.008536341600120068, -0.00795359443873167, -0.0073708477430045605, -0.006788100115954876, -0.006205352954566479, -0.005622606258839369, -0.005039859097450972, -0.004457112401723862, -0.0038743652403354645, -0.0032916180789470673, -0.0027088713832199574, -0.002126123756170273, -0.0015433768276125193, -0.0009606297826394439, -0.0003778827376663685, 0.00020486419089138508, 0.0007876111194491386, 0.0013703582808375359, 0.0019531049765646458, 0.0025358516722917557, 0.0031185986008495092, 0.003701345529407263, 0.00428409269079566, 0.00486683938652277, 0.005449586547911167, 0.006032333709299564, 0.006615080405026674, 0.007197827100753784, 0.007780574262142181, 0.008363321423530579, 0.008946068584918976, 0.009528814814984798, 0.010111561976373196, 0.010694309137761593, 0.011277055367827415, 0.011859803460538387, 0.012442550621926785, 0.013025297783315182, 0.013608044013381004, 0.014190791174769402, 0.014773538336157799, 0.015356285497546196, 0.015939032658934593, 0.01652177982032299, 0.017104526981711388, 0.017687274143099785, 0.018270021304488182, 0.01885276846587658, 0.019435513764619827, 0.020018260926008224, 0.02060100808739662, 0.02118375524878502]}, "gradients/fc2.bias": {"_type": "histogram", "values": [1.0, 0.0, 0.0, 1.0, 1.0, 0.0, 0.0, 0.0, 0.0, 1.0, 0.0, 1.0, 0.0, 0.0, 0.0, 0.0, 0.0, 0.0, 1.0, 1.0, 0.0, 0.0, 3.0, 1.0, 1.0, 6.0, 4.0, 1.0, 3.0, 3.0, 6.0, 6.0, 8.0, 6.0, 4.0, 2.0, 6.0, 8.0, 4.0, 3.0, 5.0, 1.0, 0.0, 1.0, 0.0, 0.0, 0.0, 0.0, 0.0, 0.0, 0.0, 0.0, 0.0, 0.0, 1.0, 0.0, 2.0, 0.0, 4.0, 2.0, 0.0, 0.0, 1.0, 1.0], "bins": [-0.006223942153155804, -0.006041320972144604, -0.005858700256794691, -0.005676079075783491, -0.0054934583604335785, -0.0053108371794223785, -0.005128215998411179, -0.004945595283061266, -0.004762974102050066, -0.004580352921038866, -0.004397732205688953, -0.0042151110246777534, -0.004032490309327841, -0.003849869128316641, -0.0036672481801360846, -0.0034846272319555283, -0.003302006283774972, -0.0031193853355944157, -0.0029367643874138594, -0.002754143439233303, -0.002571522258222103, -0.002388901310041547, -0.0022062803618609905, -0.0020236591808497906, -0.001841038465499878, -0.0016584175173193216, -0.0014757964527234435, -0.0012931755045428872, -0.001110554439947009, -0.0009279334917664528, -0.0007453125435858965, -0.0005626914789900184, -0.00038007041439414024, -0.00019744942255783826, -1.4828430721536279e-05, 0.00016779254656285048, 0.0003504135529510677, 0.0005330345593392849, 0.0007156555075198412, 0.0008982765721157193, 0.0010808976367115974, 0.0012635185848921537, 0.0014461396494880319, 0.0016287605976685882, 0.0018113816622644663, 0.0019940026104450226, 0.002176623558625579, 0.002359244506806135, 0.0025418654549866915, 0.0027244864031672478, 0.002907107351347804, 0.0030897282995283604, 0.0032723494805395603, 0.0034549704287201166, 0.003637591376900673, 0.003820212557911873, 0.0040028332732617855, 0.0041854544542729855, 0.004368075169622898, 0.004550696350634098, 0.004733317065984011, 0.004915938246995211, 0.005098558962345123, 0.005281180143356323, 0.005463801324367523]}, "gradients/fc2.weight": {"_type": "histogram", "values": [1.0, 51.0, 0.0, 1.0, 1.0, 51.0, 51.0, 0.0, 0.0, 0.0, 1.0, 52.0, 51.0, 0.0, 0.0, 0.0, 0.0, 1.0, 0.0, 52.0, 52.0, 0.0, 0.0, 154.0, 52.0, 51.0, 358.0, 160.0, 58.0, 211.0, 212.0, 331.0, 237.0, 641.0, 4863.0, 236.0, 179.0, 326.0, 421.0, 106.0, 255.0, 102.0, 53.0, 1.0, 53.0, 0.0, 1.0, 1.0, 1.0, 0.0, 0.0, 1.0, 0.0, 0.0, 51.0, 1.0, 105.0, 1.0, 205.0, 104.0, 0.0, 1.0, 52.0, 51.0], "bins": [-0.006514289416372776, -0.006327131763100624, -0.006139974109828472, -0.00595281645655632, -0.005765658803284168, -0.005578501150012016, -0.005391343496739864, -0.005204185843467712, -0.0050170281901955605, -0.0048298705369234085, -0.0046427128836512566, -0.004455555230379105, -0.004268397577106953, -0.004081239923834801, -0.003894082037732005, -0.003706924384459853, -0.0035197664983570576, -0.0033326088450849056, -0.0031454511918127537, -0.0029582935385406017, -0.00277113588526845, -0.002583978231996298, -0.0023968203458935022, -0.0022096626926213503, -0.0020225048065185547, -0.0018353471532464027, -0.0016481894999742508, -0.001461031730286777, -0.001273874077014625, -0.0010867164237424731, -0.0008995586540549994, -0.0007124010007828474, -0.0005252435803413391, -0.0003380858979653567, -0.0001509282155893743, 3.622949589043856e-05, 0.0002233871491625905, 0.00041054480243474245, 0.0005977025721222162, 0.0007848602253943682, 0.0009720176458358765, 0.0011591752991080284, 0.0013463329523801804, 0.0015334907220676541, 0.001720648375339806, 0.001907806028611958, 0.002094963798299432, 0.0022821214515715837, 0.0024692793376743793, 0.0026564369909465313, 0.0028435946442186832, 0.003030752297490835, 0.003217909950762987, 0.003405067604035139, 0.0035922254901379347, 0.0037793831434100866, 0.003966541029512882, 0.004153698682785034, 0.004340856336057186, 0.004528013989329338, 0.00471517164260149, 0.004902329295873642, 0.005089486949145794, 0.005276644602417946, 0.005463802255690098]}, "gradients/fc1.bias": {"_type": "histogram",