{"graph_0": {"_type": "graph-file", "path": "media/graph/graph_0_summary_40ad9eb21927b68b3d36.graph.json", "sha256": "40ad9eb21927b68b3d36ca9da94d3ec132c4274d9fc197086dc83096746fbf8b", "size": 869}, "Epoch": 999, "Loss": 0.48620325326919556, "Accuracy": 0.7903226017951965, "_runtime": 12, "_timestamp": 1625862918, "_step": 1001, "gradients/fc3.bias": {"_type": "histogram", "values": [1.0, 0.0, 0.0, 0.0, 0.0, 0.0, 0.0, 0.0, 0.0, 0.0, 0.0, 0.0, 0.0, 0.0, 0.0, 0.0, 0.0, 0.0, 0.0, 0.0, 0.0, 0.0, 0.0, 0.0, 0.0, 0.0, 0.0, 0.0, 0.0, 0.0, 0.0, 0.0, 0.0, 0.0, 0.0, 0.0, 0.0, 0.0, 0.0, 0.0, 0.0, 0.0, 0.0, 0.0, 0.0, 0.0, 0.0, 0.0, 1.0, 0.0, 0.0, 0.0, 0.0, 0.0, 0.0, 0.0, 0.0, 0.0, 0.0, 0.0, 0.0, 0.0, 0.0, 1.0], "bins": [-0.05398641154170036, -0.052548158913850784, -0.051109910011291504, -0.049671657383441925, -0.048233404755592346, -0.04679515212774277, -0.04535690322518349, -0.04391865059733391, -0.04248040169477463, -0.04104214906692505, -0.03960390016436577, -0.03816564753651619, -0.03672739490866661, -0.03528914600610733, -0.03385089337825775, -0.03241264075040817, -0.030974388122558594, -0.029536137357354164, -0.028097884729504585, -0.026659633964300156, -0.025221381336450577, -0.023783130571246147, -0.022344879806041718, -0.02090662717819214, -0.01946837827563286, -0.01803012751042843, -0.01659187488257885, -0.01515362411737442, -0.013715372420847416, -0.012277120724320412, -0.010838869959115982, -0.009400618262588978, -0.007962368428707123, -0.0065241167321801186, -0.005085865501314402, -0.0036476142704486847, -0.0022093625739216805, -0.0007711108773946762, 0.0006671398878097534, 0.0021053915843367577, 0.003543645143508911, 0.004981896840035915, 0.006420148070901632, 0.00785839930176735, 0.009296650998294353, 0.010734902694821358, 0.012173153460025787, 0.013611405156552792, 0.015049654990434647, 0.016487905755639076, 0.017926158383488655, 0.019364409148693085, 0.020802661776542664, 0.022240912541747093, 0.023679163306951523, 0.0251174159348011, 0.02655566670000553, 0.02799391746520996, 0.02943217009305954, 0.03087042085826397, 0.0323086716234684, 0.03374692425131798, 0.03518517315387726, 0.03662342578172684, 0.038061678409576416]}, "gradients/fc3.weight": {"_type": "histogram", "values": [2.0, 0.0, 0.0, 0.0, 0.0, 0.0, 0.0, 1.0, 0.0, 0.0, 2.0, 1.0, 1.0, 0.0, 0.0, 1.0, 0.0, 0.0, 1.0, 8.0, 3.0, 5.0, 2.0, 2.0, 2.0, 5.0, 5.0, 8.0, 11.0, 18.0, 14.0, 15.0, 21.0, 37.0, 24.0, 29.0, 20.0, 9.0, 9.0, 10.0, 5.0, 2.0, 5.0, 3.0, 2.0, 2.0, 1.0, 0.0, 3.0, 1.0, 0.0, 0.0, 3.0, 1.0, 1.0, 1.0, 2.0, 0.0, 0.0, 0.0, 1.0, 0.0, 0.0, 1.0], "bins": [-0.021162249147892, -0.02052454836666584, -0.019886847585439682, -0.019249146804213524, -0.018611446022987366, -0.017973745241761208, -0.01733604446053505, -0.016698341816663742, -0.016060642898082733, -0.015422942116856575, -0.014785241335630417, -0.014147540554404259, -0.0135098397731781, -0.012872138991951942, -0.01223443727940321, -0.011596736498177052, -0.010959034785628319, -0.01032133400440216, -0.009683633223176003, -0.009045932441949844, -0.008408231660723686, -0.007770530413836241, -0.007132829166948795, -0.006495128385722637, -0.005857427604496479, -0.005219726823270321, -0.004582026042044163, -0.003944324795156717, -0.003306624013930559, -0.002668923232704401, -0.0020312222186475992, -0.0013935212045907974, -0.00075581856071949, -0.00011811766307801008, 0.0005195832345634699, 0.0011572841322049499, 0.0017949850298464298, 0.002432685811072588, 0.0030703868251293898, 0.0037080878391861916, 0.00434578862041235, 0.004983489401638508, 0.005621190182864666, 0.0062588914297521114, 0.00689659221097827, 0.007534292992204428, 0.008171994239091873, 0.008809695020318031, 0.00944739580154419, 0.010085096582770348, 0.010722797363996506, 0.011360498145222664, 0.011998198926448822, 0.01263589970767498, 0.013273601420223713, 0.013911302201449871, 0.01454900298267603, 0.015186703763902187, 0.01582440547645092, 0.016462106257677078, 0.017099807038903236, 0.017737507820129395, 0.018375208601355553, 0.01901290938258171, 0.01965061016380787]}, "gradients/fc2.bias": {"_type": "histogram", "values": [1.0, 1.0, 0.0, 1.0, 0.0, 1.0, 0.0, 1.0, 0.0, 0.0, 1.0, 0.0, 1.0, 1.0, 3.0, 2.0, 4.0, 2.0, 3.0, 4.0, 1.0, 5.0, 2.0, 1.0, 2.0, 2.0, 4.0, 8.0, 1.0, 3.0, 2.0, 2.0, 5.0, 1.0, 3.0, 3.0, 2.0, 4.0, 1.0, 1.0, 0.0, 3.0, 4.0, 0.0, 0.0, 1.0, 2.0, 2.0, 3.0, 0.0, 2.0, 0.0, 0.0, 0.0, 1.0, 0.0, 0.0, 1.0, 1.0, 0.0, 0.0, 0.0, 0.0, 1.0], "bins": [-0.0034726837184280157, -0.003344146069139242, -0.0032156086526811123, -0.0030870712362229824, -0.002958533586934209, -0.0028299959376454353, -0.0027014585211873055, -0.0025729211047291756, -0.002444383455440402, -0.0023158458061516285, -0.0021873083896934986, -0.0020587709732353687, -0.0019302333239465952, -0.0018016957910731435, -0.0016731582581996918, -0.00154462072532624, -0.0014160831924527884, -0.0012875456595793366, -0.001159008126705885, -0.0010304705938324332, -0.0009019330609589815, -0.0007733955280855298, -0.0006448579952120781, -0.0005163204623386264, -0.0003877829294651747, -0.00025924539659172297, -0.00013070786371827126, -2.1703308448195457e-06, 0.00012636720202863216, 0.0002549047349020839, 0.0003834422677755356, 0.0005119798006489873, 0.0006405171006917953, 0.0007690546335652471, 0.0008975921664386988, 0.0010261296993121505, 0.0011546672321856022, 0.001283204765059054, 0.0014117422979325056, 0.0015402798308059573, 0.001668817363679409, 0.0017973548965528607, 0.0019258924294263124, 0.002054430078715086, 0.002182967495173216, 0.0023115049116313457, 0.0024400425609201193, 0.002568580210208893, 0.0026971176266670227, 0.0028256550431251526, 0.002954192692413926, 0.0030827303417026997, 0.0032112677581608295, 0.0033398051746189594, 0.003468342823907733, 0.0035968804731965065, 0.0037254178896546364, 0.0038539553061127663, 0.003982492722570896, 0.004111030604690313, 0.004239568021148443, 0.004368105437606573, 0.00449664331972599, 0.00462518073618412, 0.00475371815264225]}, "gradients/fc2.weight": {"_type": "histogram", "values": [1.0, 1.0, 0.0, 0.0, 0.0, 0.0, 1.0, 1.0, 0.0, 4.0, 4.0, 9.0, 13.0, 14.0, 22.0, 22.0, 42.0, 41.0, 58.0, 59.0, 85.0, 120.0, 153.0, 205.0, 298.0, 343.0, 293.0, 369.0, 5311.0, 331.0, 316.0, 291.0, 248.0, 207.0, 201.0, 167.0, 124.0, 110.0, 107.0, 69.0, 74.0, 70.0, 44.0, 38.0, 27.0, 25.0, 24.0, 23.0, 8.0, 5.0, 6.0, 1.0, 3.0, 3.0, 1.0, 3.0, 1.0, 2.0, 0.0, 1.0, 0.0, 0.0, 0.0, 1.0], "bins": [-0.007729443721473217, -0.007457399740815163, -0.007185355294495821, -0.006913311313837767, -0.006641266867518425, -0.006369222886860371, -0.006097178906202316, -0.005825134925544262, -0.00555309047922492, -0.005281046498566866, -0.005009002052247524, -0.00473695807158947, -0.0044649140909314156, -0.004192869644612074, -0.0039208256639540195, -0.0036487814504653215, -0.0033767372369766235, -0.0031046930234879255, -0.0028326488099992275, -0.002560604829341173, -0.002288560615852475, -0.002016516402363777, -0.001744472305290401, -0.0014724282082170248, -0.0012003839947283268, -0.0009283398394472897, -0.0006562956841662526, -0.0003842515288852155, -0.00011220737360417843, 0.00015983683988451958, 0.00043188093695789576, 0.0007039250340312719, 0.0009759701788425446, 0.0012480143923312426, 0.0015200584894046187, 0.001792102586477995, 0.002064146799966693, 0.002336191013455391, 0.0026082349941134453, 0.0028802792076021433, 0.0031523234210908413, 0.0034243676345795393, 0.0036964118480682373, 0.003968455828726292, 0.004240499809384346, 0.004512544255703688, 0.004784588236361742, 0.005056632682681084, 0.005328676663339138, 0.005600720643997192, 0.005872765090316534, 0.006144809070974588, 0.00641685351729393, 0.006688897497951984, 0.006960941478610039, 0.007232985459268093, 0.007505029905587435, 0.007777073886245489, 0.00804911833256483, 0.008321162313222885, 0.00859320629388094, 0.008865250274538994, 0.009137295186519623, 0.009409339167177677, 0.009681383147835732]}, "gradients/fc1.bias": {"_type": "histogram",