{"graph_0": {"_type": "graph-file", "path": "media/graph/graph_0_summary_60f9f69e2f018aa4b081.graph.json", "sha256": "60f9f69e2f018aa4b081bff707e4718f9f73bdacf71d598e3a39025583fb7bef", "size": 709}, "Epoch": 999, "Loss": 0.0015668898122385144, "Accuracy": 1.0, "_runtime": 7, "_timestamp": 1625857317, "_step": 1000, "gradients/fc3.bias": {"_type": "histogram", "values": [2.0, 0.0, 0.0, 0.0, 0.0, 0.0, 0.0, 0.0, 0.0, 0.0, 0.0, 0.0, 0.0, 0.0, 0.0, 0.0, 0.0, 0.0, 0.0, 0.0, 0.0, 0.0, 0.0, 0.0, 0.0, 0.0, 0.0, 0.0, 0.0, 0.0, 0.0, 0.0, 0.0, 0.0, 0.0, 0.0, 0.0, 0.0, 0.0, 0.0, 0.0, 0.0, 0.0, 0.0, 0.0, 0.0, 0.0, 0.0, 0.0, 0.0, 0.0, 0.0, 0.0, 0.0, 0.0, 0.0, 0.0, 0.0, 0.0, 0.0, 0.0, 0.0, 0.0, 1.0], "bins": [-9.951472748070955e-07, -9.488944670010824e-07, -9.026416591950692e-07, -8.563888513890561e-07, -8.101360435830429e-07, -7.638832357770298e-07, -7.176304279710166e-07, -6.713776201650035e-07, -6.251248123589903e-07, -5.788720045529772e-07, -5.32619196746964e-07, -4.863663889409509e-07, -4.401135811349377e-07, -3.9386077332892455e-07, -3.476079655229114e-07, -3.0135515771689825e-07, -2.551023499108851e-07, -2.0884954210487194e-07, -1.625967342988588e-07, -1.1634392649284564e-07, -7.009111868683249e-08, -2.3838310880819336e-08, 2.2414496925193816e-08, 6.866730473120697e-08, 1.1492011253722012e-07, 1.6117292034323327e-07, 2.0742572814924642e-07, 2.536785359552596e-07, 2.9993134376127273e-07, 3.461841515672859e-07, 3.9243695937329903e-07, 4.386897671793122e-07, 4.849425749853253e-07, 5.311953827913385e-07, 5.774481905973516e-07, 6.237009984033648e-07, 6.699538062093779e-07, 7.162066140153911e-07, 7.624594218214042e-07, 8.087122296274174e-07, 8.549650374334306e-07, 9.012178452394437e-07, 9.474706530454569e-07, 9.9372346085147e-07, 1.0399762686574832e-06, 1.0862290764634963e-06, 1.1324818842695095e-06, 1.1787346920755226e-06, 1.2249874998815358e-06, 1.271240307687549e-06, 1.317493115493562e-06, 1.3637459232995752e-06, 1.4099987311055884e-06, 1.4562515389116015e-06, 1.5025043467176147e-06, 1.5487571545236278e-06, 1.595009962329641e-06, 1.6412627701356541e-06, 1.6875155779416673e-06, 1.7337683857476804e-06, 1.7800211935536936e-06, 1.8262740013597067e-06, 1.87252680916572e-06, 1.918779616971733e-06, 1.965032424777746e-06]}, "gradients/fc3.weight": {"_type": "histogram", "values": [1.0, 4.0, 0.0, 2.0, 3.0, 2.0, 0.0, 3.0, 1.0, 0.0, 3.0, 11.0, 12.0, 14.0, 17.0, 10.0, 4.0, 3.0, 3.0, 1.0, 4.0, 2.0, 1.0, 1.0, 3.0, 5.0, 2.0, 4.0, 9.0, 6.0, 4.0, 7.0, 6.0, 6.0, 2.0, 8.0, 4.0, 5.0, 5.0, 18.0, 1.0, 1.0, 4.0, 6.0, 2.0, 2.0, 2.0, 1.0, 5.0, 11.0, 14.0, 12.0, 14.0, 6.0, 9.0, 3.0, 3.0, 2.0, 4.0, 0.0, 1.0, 0.0, 0.0, 1.0], "bins": [-0.00011683825869113207, -0.00011324532533762977, -0.00010965239198412746, -0.00010605946590658277, -0.00010246653255308047, -9.887359919957817e-05, -9.528067312203348e-05, -9.168773976853117e-05, -8.809480641502887e-05, -8.450187306152657e-05, -8.090893970802426e-05, -7.731601363047957e-05, -7.372308027697727e-05, -7.013014692347497e-05, -6.653722084593028e-05, -6.294428749242797e-05, -5.935135413892567e-05, -5.575842078542337e-05, -5.216549106989987e-05, -4.8572561354376376e-05, -4.497962800087407e-05, -4.138669464737177e-05, -3.779376493184827e-05, -3.4200835216324776e-05, -3.060790186282247e-05, -2.7014970328309573e-05, -2.3422038793796673e-05, -1.9829107259283774e-05, -1.6236175724770874e-05, -1.2643244190257974e-05, -9.050312655745074e-06, -5.457381121232174e-06, -1.8644495867192745e-06, 1.7284819477936253e-06, 5.321413482306525e-06, 8.914345016819425e-06, 1.2507276551332325e-05, 1.6100208085845225e-05, 1.9693139620358124e-05, 2.3286071154871024e-05, 2.6879002689383924e-05, 3.0471934223896824e-05, 3.4064865758409724e-05, 3.765779547393322e-05, 4.125072882743552e-05, 4.484366218093783e-05, 4.843659189646132e-05, 5.202952161198482e-05, 5.562245496548712e-05, 5.9215388318989426e-05, 6.280832167249173e-05, 6.640124775003642e-05, 6.999418110353872e-05, 7.358711445704103e-05, 7.718004053458571e-05, 8.077297388808802e-05, 8.436590724159032e-05, 8.795884059509262e-05, 9.155177394859493e-05, 9.514470002613962e-05, 9.873763337964192e-05, 0.00010233056673314422, 0.00010592349281068891, 0.00010951642616419122, 0.00011310935951769352]}, "gradients/fc2.bias": {"_type": "histogram", "values": [1.0, 1.0, 1.0, 1.0, 1.0, 0.0, 0.0, 0.0, 1.0, 2.0, 1.0, 0.0, 1.0, 1.0, 4.0, 2.0, 4.0, 4.0, 6.0, 3.0, 4.0, 1.0, 1.0, 0.0, 1.0, 2.0, 3.0, 0.0, 0.0, 1.0, 0.0, 0.0, 2.0, 1.0, 1.0, 1.0, 4.0, 0.0, 1.0, 0.0, 2.0, 0.0, 2.0, 1.0, 1.0, 0.0, 3.0, 0.0, 3.0, 3.0, 5.0, 5.0, 5.0, 1.0, 2.0, 2.0, 1.0, 2.0, 1.0, 2.0, 0.0, 1.0, 0.0, 1.0], "bins": [-1.1893343980773352e-06, -1.1542492757143918e-06, -1.1191642670382862e-06, -1.0840792583621806e-06, -1.0489941359992372e-06, -1.0139090136362938e-06, -9.788240049601882e-07, -9.437389394406637e-07, -9.086538739211392e-07, -8.735688084016147e-07, -8.384837428820902e-07, -8.033986773625656e-07, -7.683136118430411e-07, -7.332285463235166e-07, -6.981434808039921e-07, -6.630584152844676e-07, -6.279733497649431e-07, -5.928882842454186e-07, -5.578032187258941e-07, -5.227181532063696e-07, -4.876330876868451e-07, -4.525480221673206e-07, -4.174629566477961e-07, -3.823778911282716e-07, -3.472928256087471e-07, -3.122077600892226e-07, -2.7712269456969807e-07, -2.4203762905017356e-07, -2.0695256353064906e-07, -1.7186749801112455e-07, -1.3678243249160005e-07, -1.0169736697207554e-07, -6.661241513938876e-08, -3.1527349619864253e-08, 3.557715899660252e-09, 3.864278141918476e-08, 7.372784693870926e-08, 1.0881291245823377e-07, 1.4389797797775827e-07, 1.7898304349728278e-07, 2.1406810901680728e-07, 2.491531745363318e-07, 2.842382400558563e-07, 3.193233055753808e-07, 3.544083710949053e-07, 3.894934366144298e-07, 4.245785021339543e-07, 4.596635676534788e-07, 4.947486331730033e-07, 5.298336986925278e-07, 5.649187642120523e-07, 6.000038297315768e-07, 6.350888952511013e-07, 6.701739607706259e-07, 7.052590262901504e-07, 7.403440918096749e-07, 7.754291573291994e-07, 8.105142228487239e-07, 8.455992883682484e-07, 8.806843538877729e-07, 9.157694194072974e-07, 9.508544849268219e-07, 9.859395504463464e-07, 1.0210246728092898e-06, 1.0561096814853954e-06]}, "gradients/fc2.weight": {"_type": "histogram", "values": [1.0, 1.0, 0.0, 1.0, 1.0, 1.0, 2.0, 7.0, 3.0, 3.0, 6.0, 9.0, 9.0, 11.0, 14.0, 12.0, 11.0, 4.0, 11.0, 14.0, 14.0, 12.0, 10.0, 6.0, 8.0, 8.0, 4.0, 12.0, 17.0, 76.0, 297.0, 7743.0, 1365.0, 69.0, 34.0, 7.0, 10.0, 10.0, 13.0, 4.0, 10.0, 10.0, 14.0, 8.0, 14.0, 9.0, 10.0, 11.0, 17.0, 7.0, 7.0, 7.0, 9.0, 5.0, 6.0, 6.0, 1.0, 3.0, 2.0, 0.0, 2.0, 1.0, 0.0, 1.0],