{"graph_0": {"_type": "graph-file", "path": "media/graph/graph_0_summary_d57d3f0ea3a3fa292a08.graph.json", "sha256": "d57d3f0ea3a3fa292a08042088ecea741220b73a4dd84b76a2f64b3f3a109fa2", "size": 709}, "Epoch": 999, "Loss": 0.2443644106388092, "Accuracy": 0.8870967626571655, "_runtime": 12, "_timestamp": 1625858265, "_step": 1001, "gradients/fc3.bias": {"_type": "histogram", "values": [1.0, 0.0, 0.0, 0.0, 0.0, 0.0, 0.0, 0.0, 0.0, 0.0, 0.0, 1.0, 0.0, 0.0, 0.0, 0.0, 0.0, 0.0, 0.0, 0.0, 0.0, 0.0, 0.0, 0.0, 0.0, 0.0, 0.0, 0.0, 0.0, 0.0, 0.0, 0.0, 0.0, 0.0, 0.0, 0.0, 0.0, 0.0, 0.0, 0.0, 0.0, 0.0, 0.0, 0.0, 0.0, 0.0, 0.0, 0.0, 0.0, 0.0, 0.0, 0.0, 0.0, 0.0, 0.0, 0.0, 0.0, 0.0, 0.0, 0.0, 0.0, 0.0, 0.0, 1.0], "bins": [-0.06694687902927399, -0.06428438425064087, -0.06162189319729805, -0.05895939841866493, -0.05629690736532211, -0.053634412586688995, -0.05097191780805588, -0.04830942675471306, -0.04564693570137024, -0.04298444092273712, -0.0403219498693943, -0.037659455090761185, -0.034996964037418365, -0.03233446925878525, -0.02967197634279728, -0.02700948342680931, -0.024346988648176193, -0.021684495732188225, -0.019022002816200256, -0.01635950803756714, -0.013697016052901745, -0.011034523136913776, -0.008372029289603233, -0.005709536373615265, -0.003047041594982147, -0.0003845484461635351, 0.002277944702655077, 0.004940438084304333, 0.007602931000292301, 0.01026542391628027, 0.012927917763590813, 0.015590410679578781, 0.0182529017329216, 0.02091539464890957, 0.023577887564897537, 0.026240382343530655, 0.028902873396873474, 0.03156536817550659, 0.03422786295413971, 0.03689035400748253, 0.03955284506082535, 0.042215339839458466, 0.044877830892801285, 0.0475403256714344, 0.05020281672477722, 0.05286531150341034, 0.05552780628204346, 0.058190297335386276, 0.060852792114019394, 0.06351528316736221, 0.06617777794599533, 0.06884027272462845, 0.07150276750326157, 0.07416525483131409, 0.0768277496099472, 0.07949024438858032, 0.08215273916721344, 0.08481523394584656, 0.08747772872447968, 0.0901402160525322, 0.09280271083116531, 0.09546520560979843, 0.09812770038843155, 0.10079018771648407, 0.10345268249511719]}, "gradients/fc3.weight": {"_type": "histogram", "values": [4.0, 12.0, 13.0, 7.0, 2.0, 2.0, 2.0, 1.0, 1.0, 1.0, 10.0, 4.0, 6.0, 10.0, 8.0, 21.0, 9.0, 9.0, 14.0, 25.0, 13.0, 7.0, 6.0, 9.0, 2.0, 3.0, 0.0, 0.0, 0.0, 1.0, 1.0, 2.0, 1.0, 1.0, 1.0, 2.0, 5.0, 3.0, 3.0, 2.0, 6.0, 4.0, 5.0, 6.0, 3.0, 3.0, 0.0, 2.0, 1.0, 1.0, 2.0, 4.0, 2.0, 10.0, 8.0, 5.0, 4.0, 3.0, 1.0, 2.0, 1.0, 1.0, 1.0, 2.0], "bins": [-0.0570296049118042, -0.05476461350917816, -0.05249962583184242, -0.050234634429216385, -0.04796964302659035, -0.04570465534925461, -0.04343966394662857, -0.04117467254400253, -0.038909681141376495, -0.03664468973875046, -0.03437970206141472, -0.03211471065878868, -0.029849719256162643, -0.027584729716181755, -0.025319740176200867, -0.02305474877357483, -0.02078976109623909, -0.0185247715562582, -0.016259780153632164, -0.013994790613651276, -0.011729800142347813, -0.00946480967104435, -0.007199820131063461, -0.004934828728437424, -0.0026698410511016846, -0.00040485081262886524, 0.001860139425843954, 0.00412512943148613, 0.006390119902789593, 0.008655110374093056, 0.010920099914073944, 0.013185091316699982, 0.01545008271932602, 0.017715072259306908, 0.019980063661932945, 0.022245053201913834, 0.02451004460453987, 0.02677503414452076, 0.029040023684501648, 0.031305015087127686, 0.03357000648975372, 0.03583499789237976, 0.0380999855697155, 0.04036497697234154, 0.042629968374967575, 0.044894956052303314, 0.04715994745492935, 0.04942493885755539, 0.05168992653489113, 0.053954917937517166, 0.056219905614852905, 0.05848489701747894, 0.06074988842010498, 0.06301487982273102, 0.06527987122535706, 0.0675448626279831, 0.06980984658002853, 0.07207483798265457, 0.07433982938528061, 0.07660481333732605, 0.07886980473995209, 0.08113479614257812, 0.08339978754520416, 0.0856647789478302, 0.08792977035045624]}, "gradients/fc2.bias": {"_type": "histogram", "values": [2.0, 0.0, 0.0, 0.0, 4.0, 1.0, 0.0, 1.0, 2.0, 2.0, 4.0, 0.0, 2.0, 0.0, 2.0, 0.0, 1.0, 4.0, 0.0, 0.0, 2.0, 1.0, 2.0, 1.0, 1.0, 2.0, 2.0, 1.0, 3.0, 4.0, 2.0, 2.0, 1.0, 3.0, 2.0, 1.0, 1.0, 3.0, 3.0, 3.0, 2.0, 5.0, 1.0, 2.0, 1.0, 0.0, 2.0, 3.0, 1.0, 4.0, 2.0, 2.0, 1.0, 0.0, 2.0, 2.0, 2.0, 0.0, 1.0, 1.0, 0.0, 0.0, 0.0, 1.0], "bins": [-0.012281565926969051, -0.01185948308557272, -0.011437401175498962, -0.01101531833410263, -0.010593235492706299, -0.010171152651309967, -0.00974907074123621, -0.009326987899839878, -0.008904905989766121, -0.008482823148369789, -0.008060741238296032, -0.0076386583968997, -0.007216575555503368, -0.006794493179768324, -0.006372410804033279, -0.005950327962636948, -0.005528245121240616, -0.005106162745505571, -0.00468407990410924, -0.004261997528374195, -0.003839914919808507, -0.003417832311242819, -0.0029957499355077744, -0.0025736673269420862, -0.0021515851840376854, -0.0017295025754719973, -0.001307420083321631, -0.0008853375911712646, -0.0004632549826055765, -4.117237403988838e-05, 0.0003809100016951561, 0.0008029926102608442, 0.001225074753165245, 0.0016471573617309332, 0.0020692399702966213, 0.002491322346031666, 0.002913404954597354, 0.003335487563163042, 0.0037575699388980865, 0.004179652780294418, 0.00460173562169075, 0.005023817997425795, 0.005445900838822126, 0.005867983214557171, 0.006290066055953503, 0.006712148431688547, 0.007134230807423592, 0.007556313648819923, 0.00797839555889368, 0.008400478400290012, 0.00882256031036377, 0.009244643151760101, 0.009666725993156433, 0.010088808834552765, 0.010510890744626522, 0.010932973586022854, 0.011355055496096611, 0.011777138337492943, 0.0121992202475667, 0.012621303088963032, 0.013043385930359364, 0.01346546784043312, 0.013887550681829453, 0.014309633523225784, 0.014731716364622116]}, "gradients/fc2.weight": {"_type": "histogram", "values": [106.0, 1.0, 1.0, 0.0, 212.0, 54.0, 3.0, 54.0, 106.0, 107.0, 215.0, 3.0, 108.0, 1.0, 108.0, 5.0, 59.0, 219.0, 8.0, 5.0, 116.0, 59.0, 113.0, 65.0, 64.0, 115.0, 117.0, 70.0, 166.0, 4627.0, 115.0, 113.0, 62.0, 164.0, 114.0, 57.0, 57.0, 167.0, 165.0, 166.0, 117.0, 278.0, 61.0, 108.0, 57.0, 4.0, 118.0, 165.0, 54.0, 213.0, 109.0, 108.0, 53.0, 5.0, 107.0, 108.0, 107.0, 1.0, 53.0, 53.0, 0.0, 0.0, 0.0, 54.0], "bins": [-0.012281566858291626, -0.011859484016895294, -0.011437402106821537, -0.011015319265425205, -0.010593236424028873, -0.010171154513955116, -0.009749071672558784, -0.009326988831162453, -0.008904905989766121, -0.008482823148369789, -0.008060741238296032, -0.0076386583968997, -0.007216575555503368, -0.006794493179768324, -0.006372410804033279, -0.005950327962636948, -0.0055282460525631905, -0.005106163676828146, -0.004684080835431814, -0.00426199845969677, -0.0038399158511310816, -0.0034178332425653934, -0.002995750866830349, -0.002573668258264661, -0.00215158611536026, -0.0017295035067945719, -0.0013074210146442056, -0.0008853385224938393, -0.00046325591392815113, -4.1173305362463e-05, 0.0003809090703725815, 0.0008029916789382696, 0.001225074753165245, 0.0016471573617309332, 0.0020692399702966213, 0.002491322346031666, 0.002913404954597354, 0.003335487563163042, 0.0037575699388980865, 0.004179652780294418, 0.00460173562169075, 0.005023817997425795, 0.005445900838822126, 0.005867983214557171, 0.006290066055953503, 0.006712148431688547, 0.007134230807423592, 0.007556313648819923, 0.00797839555889368, 0.008400478400290012, 0.00882256031036377, 0.009244643151760101, 0.009666725993156433, 0.010088808834552765, 0.010510890744626522, 0.010932973586022854, 0.011355055496096611, 0.011777138337492943, 0.0121992202475667, 0.012621303088963032, 0.013043385930359364, 0.01346546784043312, 0.013887550681829453, 0.014309633523225784, 0.014731716364622116]}, "gradients/fc1.bias": {"_type": "histogram",