{"graph_0": {"_type": "graph-file", "path": "media/graph/graph_0_summary_cdc1137ac9a3422eb8ad.graph.json", "sha256": "cdc1137ac9a3422eb8ad4cb6f08342ece637a939b1bf902102b18896d50bd735", "size": 709}, "Epoch": 999, "Loss": 0.001668594661168754, "Accuracy": 1.0, "_runtime": 7, "_timestamp": 1625856405, "_step": 1000, "gradients/fc3.bias": {"_type": "histogram", "values": [1.0, 0.0, 0.0, 0.0, 0.0, 0.0, 0.0, 0.0, 0.0, 0.0, 0.0, 0.0, 0.0, 0.0, 0.0, 0.0, 0.0, 0.0, 0.0, 0.0, 0.0, 0.0, 0.0, 0.0, 0.0, 0.0, 0.0, 0.0, 0.0, 0.0, 0.0, 0.0, 0.0, 0.0, 0.0, 0.0, 0.0, 0.0, 0.0, 0.0, 0.0, 0.0, 0.0, 0.0, 0.0, 0.0, 0.0, 0.0, 0.0, 0.0, 1.0, 0.0, 0.0, 0.0, 0.0, 0.0, 0.0, 0.0, 0.0, 0.0, 0.0, 0.0, 0.0, 1.0], "bins": [-5.221096216700971e-06, -5.0846574595198035e-06, -4.948218247591285e-06, -4.8117790356627665e-06, -4.675340278481599e-06, -4.538901521300431e-06, -4.402462309371913e-06, -4.266023097443394e-06, -4.129584340262227e-06, -3.993145583081059e-06, -3.856706371152541e-06, -3.7202673865976976e-06, -3.5838284020428546e-06, -3.4473894174880115e-06, -3.3109504329331685e-06, -3.1745114483783254e-06, -3.0380724638234824e-06, -2.9016334792686393e-06, -2.7651944947137963e-06, -2.6287555101589533e-06, -2.49231652560411e-06, -2.355877541049267e-06, -2.219438556494424e-06, -2.082999571939581e-06, -1.946560587384738e-06, -1.810121602829895e-06, -1.673682618275052e-06, -1.5372436337202089e-06, -1.4008046491653658e-06, -1.2643656646105228e-06, -1.1279266800556798e-06, -9.914876955008367e-07, -8.550487109459937e-07, -7.186097263911506e-07, -5.821707418363076e-07, -4.457317572814645e-07, -3.092927727266215e-07, -1.7285378817177843e-07, -3.641480361693539e-08, 1.0002418093790766e-07, 2.364631654927507e-07, 3.7290215004759375e-07, 5.093411346024368e-07, 6.457801191572798e-07, 7.822191037121229e-07, 9.186580882669659e-07, 1.055097072821809e-06, 1.191536057376652e-06, 1.327975041931495e-06, 1.4644140264863381e-06, 1.6008530110411812e-06, 1.7372919955960242e-06, 1.8737309801508673e-06, 2.0101699647057103e-06, 2.1466089492605533e-06, 2.2830479338153964e-06, 2.4194869183702394e-06, 2.5559259029250825e-06, 2.6923648874799255e-06, 2.8288038720347686e-06, 2.9652428565896116e-06, 3.1016818411444547e-06, 3.2381208256992977e-06, 3.3745598102541408e-06, 3.510998794808984e-06]}, "gradients/fc3.weight": {"_type": "histogram", "values": [1.0, 2.0, 1.0, 1.0, 0.0, 2.0, 1.0, 3.0, 6.0, 2.0, 5.0, 7.0, 10.0, 11.0, 17.0, 6.0, 9.0, 6.0, 7.0, 3.0, 3.0, 4.0, 4.0, 5.0, 2.0, 7.0, 0.0, 5.0, 7.0, 6.0, 7.0, 5.0, 6.0, 5.0, 6.0, 2.0, 0.0, 6.0, 6.0, 3.0, 3.0, 3.0, 6.0, 2.0, 3.0, 8.0, 9.0, 5.0, 11.0, 10.0, 13.0, 8.0, 3.0, 9.0, 3.0, 6.0, 0.0, 2.0, 1.0, 1.0, 3.0, 1.0, 0.0, 1.0], "bins": [-0.0001233524235431105, -0.00011945927690248936, -0.00011556613026186824, -0.00011167298362124711, -0.00010777983698062599, -0.00010388669034000486, -9.999354369938374e-05, -9.610039705876261e-05, -9.220725041814148e-05, -8.831410377752036e-05, -8.442095713689923e-05, -8.052781049627811e-05, -7.663466385565698e-05, -7.274151721503586e-05, -6.884837057441473e-05, -6.49552239337936e-05, -6.106207001721486e-05, -5.716892337659374e-05, -5.327577673597261e-05, -4.938263009535149e-05, -4.548948345473036e-05, -4.1596336814109236e-05, -3.77031865355093e-05, -3.381003989488818e-05, -2.9916889616288245e-05, -2.602374297566712e-05, -2.2130596335045993e-05, -1.8237447875435464e-05, -1.4344301234814338e-05, -1.0451154594193213e-05, -6.5580061345826834e-06, -2.6648594939615577e-06, 1.2282835086807609e-06, 5.1214306040492374e-06, 9.014577699417714e-06, 1.2907725249533542e-05, 1.6800871890154667e-05, 2.0694018530775793e-05, 2.4587166990386322e-05, 2.8480313631007448e-05, 3.2373456633649766e-05, 3.626660327427089e-05, 4.015974991489202e-05, 4.4052896555513144e-05, 4.794604319613427e-05, 5.1839189836755395e-05, 5.573234011535533e-05, 5.9625486755976453e-05, 6.351863703457639e-05, 6.741178367519751e-05, 7.130493031581864e-05, 7.519807695643976e-05, 7.909122359706089e-05, 8.298437023768201e-05, 8.687752415426075e-05, 9.077067079488188e-05, 9.4663817435503e-05, 9.855696407612413e-05, 0.00010245011071674526, 0.00010634325735736638, 0.00011023640399798751, 0.00011412955063860863, 0.00011802269727922976, 0.00012191584391985089, 0.000125808990560472]}, "gradients/fc2.bias": {"_type": "histogram", "values": [1.0, 0.0, 0.0, 0.0, 0.0, 0.0, 0.0, 0.0, 2.0, 0.0, 1.0, 0.0, 1.0, 2.0, 0.0, 2.0, 1.0, 1.0, 2.0, 3.0, 0.0, 4.0, 2.0, 4.0, 2.0, 6.0, 5.0, 1.0, 2.0, 1.0, 2.0, 3.0, 1.0, 0.0, 0.0, 2.0, 3.0, 0.0, 2.0, 2.0, 4.0, 3.0, 4.0, 6.0, 1.0, 1.0, 2.0, 1.0, 2.0, 2.0, 3.0, 0.0, 2.0, 4.0, 2.0, 2.0, 0.0, 0.0, 0.0, 0.0, 2.0, 0.0, 0.0, 1.0], "bins": [-1.0358693316447898e-06, -1.0065945161841228e-06, -9.773197007234558e-07, -9.480449421062076e-07, -9.187701834889594e-07, -8.894953680282924e-07, -8.602205525676254e-07, -8.309457939503773e-07, -8.016710353331291e-07, -7.723962198724621e-07, -7.431214612552139e-07, -7.138466457945469e-07, -6.845718871772988e-07, -6.552970717166318e-07, -6.260222562559647e-07, -5.967474976387166e-07, -5.674726821780496e-07, -5.381978667173826e-07, -5.089231081001344e-07, -4.796482926394674e-07, -4.5037353402221925e-07, -4.2109871856155223e-07, -3.9182393152259465e-07, -3.6254914448363706e-07, -3.3327432902297005e-07, -3.0399954198401247e-07, -2.747247549450549e-07, -2.4544993948438787e-07, -2.16175166656285e-07, -1.8690037961732742e-07, -1.5762557836751512e-07, -1.2835079132855753e-07, -9.907608955472824e-08, -6.980130251577066e-08, -4.0526508371385717e-08, -1.1251714227000775e-08, 1.802307281195681e-08, 4.729785985091439e-08, 7.657266110072669e-08, 1.0584744813968427e-07, 1.3512220675693243e-07, 1.6439699379589e-07, 1.936717808348476e-07, 2.229465820846599e-07, 2.5222135491276276e-07, 2.814961703734298e-07, 3.1077095741238736e-07, 3.4004574445134494e-07, 3.6932055991201196e-07, 3.9859534695096954e-07, 4.278701339899271e-07, 4.5714494945059414e-07, 4.864197080678423e-07, 5.156945235285093e-07, 5.449693389891763e-07, 5.742440976064245e-07, 6.035188562236726e-07, 6.327936716843396e-07, 6.620684303015878e-07, 6.913432457622548e-07, 7.20618004379503e-07, 7.4989281984017e-07, 7.79167635300837e-07, 8.084423939180851e-07, 8.377172093787522e-07]}, "gradients/fc2.weight": {"_type": "histogram", "values": [4.0, 0.0, 1.0, 0.0, 0.0, 1.0, 5.0, 3.0, 1.0, 7.0, 7.0, 5.0, 4.0, 3.0, 4.0, 3.0, 3.0, 2.0, 1.0, 0.0, 2.0, 4.0, 5.0, 16.0, 14.0, 16.0, 32.0, 20.0, 9.0, 1478.0, 8157.0, 22.0, 24.0, 24.0, 22.0, 9.0, 13.0, 11.0, 4.0, 0.0, 3.0, 4.0, 4.0, 6.0, 4.0, 4.0, 5.0, 4.0, 5.0, 5.0, 5.0, 4.0, 1.0, 1.0, 0.0, 2.0, 0.0, 2.0, 1.0, 2.0, 0.0, 0.0, 0.0, 2.0],