{"graph_0": {"_type": "graph-file", "path": "media/graph/graph_0_summary_cf47c7ee7d39595efaa5.graph.json", "sha256": "cf47c7ee7d39595efaa5854e0d972293fe97bde7254d77670bf3bc71959045a1", "size": 709}, "Epoch": 999, "Loss": 0.07470136135816574, "Accuracy": 0.9838709831237793, "_runtime": 7, "_timestamp": 1625856549, "_step": 1000, "gradients/fc3.bias": {"_type": "histogram", "values": [1.0, 0.0, 0.0, 0.0, 0.0, 0.0, 0.0, 0.0, 0.0, 0.0, 0.0, 0.0, 0.0, 0.0, 0.0, 0.0, 0.0, 0.0, 0.0, 0.0, 0.0, 0.0, 0.0, 0.0, 0.0, 0.0, 0.0, 0.0, 0.0, 0.0, 0.0, 0.0, 0.0, 0.0, 0.0, 0.0, 1.0, 0.0, 0.0, 0.0, 0.0, 0.0, 0.0, 0.0, 0.0, 0.0, 0.0, 0.0, 0.0, 0.0, 0.0, 0.0, 0.0, 0.0, 0.0, 0.0, 0.0, 0.0, 0.0, 0.0, 0.0, 0.0, 0.0, 1.0], "bins": [-0.000749656930565834, -0.0007272938382811844, -0.0007049308042041957, -0.0006825677119195461, -0.0006602046778425574, -0.0006378415855579078, -0.0006154784932732582, -0.0005931154591962695, -0.0005707523669116199, -0.0005483892746269703, -0.0005260262405499816, -0.000503663148265332, -0.00048130008508451283, -0.0004589370219036937, -0.00043657392961904407, -0.0004142108664382249, -0.00039184780325740576, -0.0003694847400765866, -0.00034712167689576745, -0.00032475858461111784, -0.0003023955214302987, -0.00028003245824947953, -0.0002576693659648299, -0.00023530630278401077, -0.00021294323960319161, -0.00019058017642237246, -0.00016821709868963808, -0.0001458540209569037, -0.00012349095777608454, -0.00010112788731930777, -7.8764816862531e-05, -5.6401739129796624e-05, -3.403867594897747e-05, -1.1675605492200702e-05, 1.0687464964576066e-05, 3.3050535421352834e-05, 5.54136058781296e-05, 7.777667633490637e-05, 0.00010013974679168314, 0.00012250282452441752, 0.00014486588770523667, 0.00016722895088605583, 0.0001895920286187902, 0.0002119551063515246, 0.00023431816953234375, 0.0002566812327131629, 0.0002790443249978125, 0.00030140738817863166, 0.0003237704513594508, 0.00034613351454026997, 0.0003684965777210891, 0.00039085967000573874, 0.0004132227331865579, 0.00043558579636737704, 0.00045794888865202665, 0.0004803119518328458, 0.000502675015013665, 0.0005250381072983146, 0.0005474011413753033, 0.0005697642336599529, 0.0005921273259446025, 0.0006144903600215912, 0.0006368534523062408, 0.0006592165445908904, 0.0006815795786678791]}, "gradients/fc3.weight": {"_type": "histogram", "values": [3.0, 4.0, 5.0, 0.0, 1.0, 3.0, 0.0, 1.0, 2.0, 1.0, 4.0, 3.0, 2.0, 5.0, 4.0, 1.0, 3.0, 3.0, 1.0, 5.0, 1.0, 2.0, 2.0, 5.0, 6.0, 4.0, 10.0, 13.0, 9.0, 11.0, 13.0, 15.0, 17.0, 10.0, 13.0, 14.0, 17.0, 9.0, 12.0, 11.0, 5.0, 5.0, 2.0, 2.0, 4.0, 4.0, 4.0, 3.0, 4.0, 1.0, 1.0, 1.0, 0.0, 2.0, 2.0, 0.0, 0.0, 1.0, 2.0, 2.0, 1.0, 2.0, 2.0, 5.0], "bins": [-0.0011288989335298538, -0.0010933345183730125, -0.0010577701032161713, -0.0010222058044746518, -0.0009866413893178105, -0.0009510769741609693, -0.0009155126172117889, -0.0008799482602626085, -0.0008443838451057673, -0.000808819429948926, -0.0007732550729997456, -0.0007376907160505652, -0.000702126300893724, -0.0006665618857368827, -0.0006309975287877023, -0.000595433171838522, -0.0005598687566816807, -0.0005243043415248394, -0.000488739984575659, -0.0004531755985226482, -0.0004176112124696374, -0.00038204682641662657, -0.00034648244036361575, -0.00031091805431060493, -0.0002753536682575941, -0.0002397892822045833, -0.00020422489615157247, -0.00016866051009856164, -0.00013309612404555082, -9.753173799254e-05, -6.196735193952918e-05, -2.640296588651836e-05, 9.161420166492462e-06, 4.4725806219503284e-05, 8.02901922725141e-05, 0.00011585457832552493, 0.00015141896437853575, 0.00018698335043154657, 0.0002225477364845574, 0.0002581121225375682, 0.00029367650859057903, 0.00032924089464358985, 0.0003648052806966007, 0.0004003696667496115, 0.0004359340528026223, 0.00047149843885563314, 0.000507062824908644, 0.0005426271818578243, 0.0005781915970146656, 0.0006137560121715069, 0.0006493203691206872, 0.0006848847260698676, 0.0007204491412267089, 0.0007560135563835502, 0.0007915779133327305, 0.0008271422702819109, 0.0008627066854387522, 0.0008982711005955935, 0.0009338354575447738, 0.0009693998144939542, 0.0010049642296507955, 0.0010405286448076367, 0.0010760929435491562, 0.0011116573587059975, 0.0011472217738628387]}, "gradients/fc2.bias": {"_type": "histogram", "values": [1.0, 0.0, 1.0, 1.0, 1.0, 1.0, 0.0, 3.0, 1.0, 3.0, 4.0, 4.0, 5.0, 6.0, 2.0, 2.0, 1.0, 6.0, 2.0, 1.0, 1.0, 0.0, 0.0, 1.0, 1.0, 0.0, 2.0, 1.0, 3.0, 2.0, 4.0, 3.0, 1.0, 0.0, 1.0, 1.0, 1.0, 1.0, 4.0, 1.0, 0.0, 1.0, 1.0, 1.0, 1.0, 1.0, 3.0, 0.0, 1.0, 0.0, 0.0, 0.0, 3.0, 3.0, 3.0, 0.0, 3.0, 3.0, 1.0, 0.0, 1.0, 0.0, 0.0, 1.0], "bins": [-0.00012922768655698746, -0.00012555804278235883, -0.00012188839173177257, -0.00011821874068118632, -0.00011454908963060006, -0.00011087944585597143, -0.00010720979480538517, -0.00010354015103075653, -9.987049998017028e-05, -9.620084892958403e-05, -9.253120515495539e-05, -8.886155410436913e-05, -8.519190305378288e-05, -8.152225927915424e-05, -7.785260822856799e-05, -7.418295717798173e-05, -7.05133134033531e-05, -6.684366235276684e-05, -6.31740185781382e-05, -5.950436752755195e-05, -5.58347201149445e-05, -5.2165072702337056e-05, -4.84954216517508e-05, -4.482577423914336e-05, -4.1156119550578296e-05, -3.748647213797085e-05, -3.3816821087384596e-05, -3.014717367477715e-05, -2.6477526262169704e-05, -2.2807877030572854e-05, -1.9138227798976004e-05, -1.5468580386368558e-05, -1.1798932973761111e-05, -8.129284651658963e-06, -4.4596358748094644e-06, -7.899870979599655e-07, 2.8796612241421826e-06, 6.549309546244331e-06, 1.021895877784118e-05, 1.3888606190448627e-05, 1.7558253603056073e-05, 2.1227902834652923e-05, 2.489755024726037e-05, 2.856719947885722e-05, 3.2236846891464666e-05, 3.590649430407211e-05, 3.9576145354658365e-05, 4.324579276726581e-05, 4.6915443817852065e-05, 5.058509123045951e-05, 5.4254742281045765e-05, 5.792438969365321e-05, 6.159403710626066e-05, 6.526368815684691e-05, 6.893333920743316e-05, 7.26029829820618e-05, 7.627263403264806e-05, 7.994228508323431e-05, 8.361192885786295e-05, 8.72815799084492e-05, 9.095123095903546e-05, 9.46208747336641e-05, 9.829052578425035e-05, 0.0001019601768348366, 0.00010562982060946524]}, "gradients/fc2.weight": {"_type": "histogram", "values": [2.0, 0.0, 1.0, 4.0, 2.0, 0.0, 0.0, 4.0, 3.0, 2.0, 4.0, 2.0, 2.0, 1.0, 6.0, 1.0, 2.0, 4.0, 4.0, 1.0, 2.0, 3.0, 50.0, 102.0, 201.0, 543.0, 787.0, 494.0, 107.0, 203.0, 395.0, 298.0, 5109.0, 257.0, 203.0, 249.0, 151.0, 396.0, 250.0, 102.0, 3.0, 1.0, 1.0, 2.0, 0.0, 3.0, 5.0, 4.0, 5.0, 1.0, 2.0, 2.0, 1.0, 1.0, 2.0, 2.0, 2.0, 1.0, 4.0, 1.0, 4.0, 3.0, 0.0, 3.0],