{"graph_0": {"_type": "graph-file", "path": "media/graph/graph_0_summary_9340c96a0a0047ad416c.graph.json", "sha256": "9340c96a0a0047ad416cfb0667a8584a1562a11a1f83f3446229104445ceea2f", "size": 709}, "Epoch": 999, "Loss": 0.8856914639472961, "Accuracy": 0.4354838728904724, "_runtime": 7, "_timestamp": 1625857356, "_step": 1000, "gradients/fc3.bias": {"_type": "histogram", "values": [1.0, 0.0, 0.0, 0.0, 0.0, 1.0, 0.0, 0.0, 0.0, 0.0, 0.0, 0.0, 0.0, 0.0, 0.0, 0.0, 0.0, 0.0, 0.0, 0.0, 0.0, 0.0, 0.0, 0.0, 0.0, 0.0, 0.0, 0.0, 0.0, 0.0, 0.0, 0.0, 0.0, 0.0, 0.0, 0.0, 0.0, 0.0, 0.0, 0.0, 0.0, 0.0, 0.0, 0.0, 0.0, 0.0, 0.0, 0.0, 0.0, 0.0, 0.0, 0.0, 0.0, 0.0, 0.0, 0.0, 0.0, 0.0, 0.0, 0.0, 0.0, 0.0, 0.0, 1.0], "bins": [-0.09580762684345245, -0.09169900417327881, -0.08759038895368576, -0.08348176628351212, -0.07937314361333847, -0.07526452839374542, -0.07115590572357178, -0.06704728305339813, -0.06293866038322449, -0.05883004143834114, -0.054721418768167496, -0.05061279982328415, -0.046504177153110504, -0.04239555820822716, -0.03828693926334381, -0.034178316593170166, -0.030069701373577118, -0.025961080566048622, -0.021852459758520126, -0.01774384081363678, -0.013635220006108284, -0.009526599198579788, -0.005417980253696442, -0.0013093594461679459, 0.0027992576360702515, 0.00690787797793746, 0.011016498319804668, 0.01512511819601059, 0.019233739003539085, 0.02334235981106758, 0.027450978755950928, 0.03155960142612457, 0.03566822409629822, 0.039776843041181564, 0.04388546571135521, 0.047994084656238556, 0.0521027073264122, 0.05621132627129555, 0.060319945216178894, 0.06442856788635254, 0.06853719055652618, 0.07264581322669983, 0.07675442844629288, 0.08086305111646652, 0.08497167378664017, 0.08908028900623322, 0.09318891167640686, 0.0972975343465805, 0.10140614956617355, 0.1055147722363472, 0.10962338745594025, 0.11373201012611389, 0.11784063279628754, 0.12194925546646118, 0.12605786323547363, 0.13016648590564728, 0.13427510857582092, 0.13838373124599457, 0.1424923539161682, 0.14660096168518066, 0.1507095843553543, 0.15481820702552795, 0.1589268296957016, 0.16303545236587524, 0.1671440750360489]}, "gradients/fc3.weight": {"_type": "histogram", "values": [2.0, 0.0, 2.0, 5.0, 5.0, 3.0, 7.0, 10.0, 6.0, 10.0, 13.0, 8.0, 4.0, 7.0, 7.0, 11.0, 10.0, 8.0, 12.0, 31.0, 15.0, 10.0, 12.0, 3.0, 1.0, 3.0, 2.0, 4.0, 0.0, 9.0, 6.0, 7.0, 2.0, 4.0, 4.0, 2.0, 3.0, 1.0, 5.0, 3.0, 0.0, 1.0, 1.0, 2.0, 1.0, 3.0, 1.0, 2.0, 1.0, 0.0, 2.0, 4.0, 5.0, 4.0, 2.0, 2.0, 1.0, 4.0, 1.0, 3.0, 0.0, 1.0, 0.0, 2.0], "bins": [-0.08905605971813202, -0.08525045216083527, -0.08144485205411911, -0.07763924449682236, -0.0738336369395256, -0.07002803683280945, -0.0662224292755127, -0.06241682544350624, -0.058611221611499786, -0.05480561777949333, -0.05100001022219658, -0.047194406390190125, -0.04338880255818367, -0.039583198726177216, -0.03577759116888046, -0.03197198733687401, -0.028166379779577255, -0.02436077408492565, -0.020555170252919197, -0.016749564558267593, -0.012943959794938564, -0.009138355031609535, -0.0053327493369579315, -0.001527145504951477, 0.002278462052345276, 0.006084066815674305, 0.009889671579003334, 0.013695277273654938, 0.017500881105661392, 0.021306486800312996, 0.0251120924949646, 0.028917696326971054, 0.03272330015897751, 0.03652890399098396, 0.040334511548280716, 0.04414011538028717, 0.047945719212293625, 0.05175132304430008, 0.05555693060159683, 0.05936253443360329, 0.06316813826560974, 0.0669737458229065, 0.07077934592962265, 0.0745849534869194, 0.07839056104421616, 0.08219616115093231, 0.08600176870822906, 0.08980737626552582, 0.09361298382282257, 0.09741859138011932, 0.10122419148683548, 0.10502979904413223, 0.10883540660142899, 0.11264100670814514, 0.1164466142654419, 0.12025222182273865, 0.1240578219294548, 0.12786342203617096, 0.1316690295934677, 0.13547463715076447, 0.13928024470806122, 0.14308585226535797, 0.14689144492149353, 0.15069705247879028, 0.15450266003608704]}, "gradients/fc2.bias": {"_type": "histogram", "values": [2.0, 1.0, 0.0, 1.0, 0.0, 1.0, 0.0, 3.0, 1.0, 0.0, 0.0, 1.0, 1.0, 1.0, 1.0, 1.0, 1.0, 2.0, 3.0, 4.0, 0.0, 1.0, 1.0, 3.0, 1.0, 1.0, 3.0, 1.0, 2.0, 7.0, 1.0, 3.0, 3.0, 4.0, 5.0, 5.0, 4.0, 0.0, 2.0, 4.0, 1.0, 6.0, 1.0, 1.0, 2.0, 2.0, 0.0, 2.0, 2.0, 1.0, 0.0, 1.0, 0.0, 0.0, 1.0, 1.0, 0.0, 1.0, 1.0, 1.0, 0.0, 0.0, 0.0, 1.0], "bins": [-0.03703974932432175, -0.03576235845685005, -0.03448496386408806, -0.033207572996616364, -0.03193017840385437, -0.030652787536382675, -0.02937539480626583, -0.028098002076148987, -0.026820609346032143, -0.0255432166159153, -0.024265823885798454, -0.02298843115568161, -0.021711040288209915, -0.020433645695447922, -0.019156254827976227, -0.017878862097859383, -0.01660146936774254, -0.015324076637625694, -0.01404668390750885, -0.01276929210871458, -0.011491899378597736, -0.010214506648480892, -0.008937114849686623, -0.0076597221195697784, -0.006382329389452934, -0.00510493665933609, -0.0038275443948805332, -0.0025501518975943327, -0.0012727594003081322, 4.633329808712006e-06, 0.0012820255942642689, 0.0025594178587198257, 0.0038368068635463715, 0.005114199593663216, 0.0063915918581187725, 0.007668984122574329, 0.008946376852691174, 0.010223769582808018, 0.011501161381602287, 0.012778554111719131, 0.014055946841835976, 0.01533333957195282, 0.016610732302069664, 0.017888125032186508, 0.019165515899658203, 0.020442910492420197, 0.02172030135989189, 0.022997694090008736, 0.02427508682012558, 0.025552479550242424, 0.026829872280359268, 0.028107265010476112, 0.029384657740592957, 0.03066204860806465, 0.031939443200826645, 0.03321683406829834, 0.03449422866106033, 0.03577161952853203, 0.03704901412129402, 0.03832640498876572, 0.03960379958152771, 0.040881190448999405, 0.0421585850417614, 0.04343597590923309, 0.04471336677670479]}, "gradients/fc2.weight": {"_type": "histogram", "values": [100.0, 50.0, 0.0, 50.0, 0.0, 50.0, 0.0, 150.0, 50.0, 0.0, 0.0, 50.0, 50.0, 50.0, 50.0, 50.0, 50.0, 100.0, 150.0, 200.0, 0.0, 50.0, 50.0, 150.0, 50.0, 50.0, 156.0, 63.0, 5034.0, 368.0, 71.0, 158.0, 150.0, 200.0, 250.0, 250.0, 200.0, 0.0, 100.0, 200.0, 50.0, 300.0, 50.0, 50.0, 100.0, 100.0, 0.0, 100.0, 100.0, 50.0, 0.0, 50.0, 0.0, 0.0, 50.0, 50.0, 0.0, 50.0, 50.0, 50.0, 0.0, 0.0, 0.0, 50.0], "bins": [-0.03703974559903145, -0.03576235473155975, -0.03448496013879776, -0.033207569271326065, -0.03193017467856407, -0.030652783811092377, -0.029375391080975533, -0.02809799835085869, -0.026820605620741844, -0.025543212890625, -0.024265820160508156, -0.02298842743039131, -0.021711036562919617, -0.020433641970157623, -0.01915625110268593, -0.017878858372569084, -0.01660146564245224, -0.015324072912335396, -0.014046680182218552, -0.012769288383424282, -0.011491895653307438, -0.010214502923190594, -0.008937111124396324, -0.00765971839427948, -0.006382325664162636, -0.005104932934045792, -0.0038275406695902348, -0.0025501481723040342, -0.0012727556750178337, 4.6370550990104675e-06, 0.0012820293195545673, 0.002559421584010124, 0.00383681058883667, 0.005114203318953514, 0.006391595583409071, 0.007668987847864628, 0.008946380577981472, 0.010223773308098316, 0.011501165106892586, 0.01277855783700943, 0.014055950567126274, 0.015333343297243118, 0.016610736027359962, 0.017888128757476807, 0.0191655196249485, 0.020442914217710495, 0.02172030508518219, 0.022997697815299034, 0.02427509054541588, 0.025552483275532722, 0.026829876005649567, 0.02810726873576641, 0.029384661465883255, 0.03066205233335495, 0.03193944692611694, 0.03321683779358864, 0.03449422866106033, 0.03577161952853203, 0.03704901412129402, 0.03832640498876572, 0.03960379958152771, 0.040881190448999405, 0.0421585850417614, 0.04343597590923309, 0.04471337050199509]}, "gradients/fc1.bias": {"_type": "histogram",