{"graph_0": {"_type": "graph-file", "path": "media/graph/graph_0_summary_79a9f3fdd1fd96cf9414.graph.json", "sha256": "79a9f3fdd1fd96cf94142bec40fde225450b3cc4fb80dcc274dcc6ddeccb7961", "size": 709}, "Epoch": 999, "Loss": 0.04956401139497757, "Accuracy": 0.9919354915618896, "_runtime": 7, "_timestamp": 1625856907, "_step": 1000, "gradients/fc3.bias": {"_type": "histogram", "values": [1.0, 0.0, 0.0, 0.0, 0.0, 0.0, 0.0, 0.0, 0.0, 0.0, 0.0, 0.0, 0.0, 0.0, 0.0, 0.0, 0.0, 0.0, 0.0, 0.0, 0.0, 0.0, 0.0, 0.0, 0.0, 0.0, 0.0, 0.0, 0.0, 0.0, 0.0, 0.0, 0.0, 0.0, 0.0, 0.0, 0.0, 0.0, 0.0, 0.0, 0.0, 0.0, 0.0, 0.0, 0.0, 0.0, 1.0, 0.0, 0.0, 0.0, 0.0, 0.0, 0.0, 0.0, 0.0, 0.0, 0.0, 0.0, 0.0, 0.0, 0.0, 0.0, 0.0, 1.0], "bins": [-0.0003658491186797619, -0.00035590273910202086, -0.00034595635952427983, -0.00033600995084270835, -0.0003260635712649673, -0.0003161171916872263, -0.0003061707830056548, -0.0002962244034279138, -0.00028627802385017276, -0.00027633164427243173, -0.0002663852646946907, -0.0002564388560131192, -0.0002464924764353782, -0.00023654609685763717, -0.0002265997027279809, -0.00021665330859832466, -0.00020670692902058363, -0.0001967605494428426, -0.00018681415531318635, -0.0001768677611835301, -0.00016692138160578907, -0.00015697500202804804, -0.00014702860789839178, -0.00013708221376873553, -0.0001271358341909945, -0.00011718944733729586, -0.00010724306048359722, -9.729667362989858e-05, -8.735028677619994e-05, -7.74038999225013e-05, -6.745751306880265e-05, -5.7511126215104014e-05, -4.756473936140537e-05, -3.761835250770673e-05, -2.767196565400809e-05, -1.772557880030945e-05, -7.779191946610808e-06, 2.1671949070878327e-06, 1.2113581760786474e-05, 2.2059968614485115e-05, 3.2006355468183756e-05, 4.19527423218824e-05, 5.189912917558104e-05, 6.184551602927968e-05, 7.179190288297832e-05, 8.173828973667696e-05, 9.16846765903756e-05, 0.00010163106344407424, 0.00011157745029777288, 0.00012152383715147153, 0.00013147022400517017, 0.00014141661813482642, 0.00015136299771256745, 0.00016130937729030848, 0.00017125577141996473, 0.00018120216554962099, 0.000191148545127362, 0.00020109492470510304, 0.0002110413188347593, 0.00022098771296441555, 0.00023093409254215658, 0.0002408804721198976, 0.0002508268808014691, 0.0002607732603792101, 0.00027071963995695114]}, "gradients/fc3.weight": {"_type": "histogram", "values": [6.0, 2.0, 4.0, 1.0, 7.0, 4.0, 0.0, 3.0, 2.0, 5.0, 2.0, 2.0, 3.0, 6.0, 1.0, 6.0, 2.0, 4.0, 2.0, 4.0, 4.0, 2.0, 1.0, 2.0, 2.0, 2.0, 5.0, 7.0, 8.0, 11.0, 5.0, 6.0, 20.0, 10.0, 11.0, 10.0, 16.0, 18.0, 3.0, 7.0, 7.0, 9.0, 9.0, 5.0, 7.0, 4.0, 2.0, 2.0, 3.0, 3.0, 2.0, 3.0, 1.0, 2.0, 0.0, 6.0, 0.0, 1.0, 4.0, 5.0, 0.0, 1.0, 2.0, 6.0], "bins": [-0.0006326312432065606, -0.00061301130335778, -0.0005933913635089993, -0.0005737714236602187, -0.0005541514838114381, -0.0005345315439626575, -0.0005149116041138768, -0.0004952916642650962, -0.00047567172441631556, -0.0004560517845675349, -0.0004364318447187543, -0.00041681190486997366, -0.00039719196502119303, -0.0003775720251724124, -0.00035795208532363176, -0.00033833214547485113, -0.00031871223472990096, -0.0002990922948811203, -0.0002794723550323397, -0.00025985241518355906, -0.00024023247533477843, -0.0002206125354859978, -0.0002009926101891324, -0.00018137267034035176, -0.00016175274504348636, -0.00014213280519470572, -0.0001225128653459251, -0.00010289293277310207, -8.327299292432144e-05, -6.365305307554081e-05, -4.403312050271779e-05, -2.441318065393716e-05, -4.793226253241301e-06, 1.4826711776549928e-05, 3.4446649806341156e-05, 5.406658601714298e-05, 7.368652586592361e-05, 9.330646571470425e-05, 0.00011292639828752726, 0.0001325463381363079, 0.00015216629253700376, 0.0001717862323857844, 0.00019140617223456502, 0.00021102611208334565, 0.00023064605193212628, 0.0002502659917809069, 0.00026988593162968755, 0.0002895058714784682, 0.00030912578222341835, 0.000328745722072199, 0.0003483656619209796, 0.00036798560176976025, 0.0003876055416185409, 0.0004072254814673215, 0.0004268453922122717, 0.0004464653320610523, 0.00046608527190983295, 0.0004857052117586136, 0.0005053251516073942, 0.0005249450914561749, 0.0005445650313049555, 0.0005641849711537361, 0.0005838049110025167, 0.0006034248508512974, 0.000623044790700078]}, "gradients/fc2.bias": {"_type": "histogram", "values": [1.0, 0.0, 0.0, 0.0, 2.0, 2.0, 0.0, 2.0, 2.0, 2.0, 3.0, 6.0, 1.0, 4.0, 2.0, 2.0, 3.0, 2.0, 2.0, 1.0, 1.0, 0.0, 0.0, 1.0, 2.0, 1.0, 3.0, 4.0, 0.0, 1.0, 0.0, 3.0, 0.0, 1.0, 2.0, 0.0, 4.0, 0.0, 0.0, 1.0, 1.0, 1.0, 3.0, 6.0, 3.0, 1.0, 2.0, 1.0, 1.0, 1.0, 1.0, 1.0, 2.0, 2.0, 1.0, 1.0, 1.0, 2.0, 2.0, 1.0, 0.0, 2.0, 0.0, 3.0], "bins": [-7.290470239240676e-05, -7.093916065059602e-05, -6.897361890878528e-05, -6.700808444293216e-05, -6.504254270112142e-05, -6.307700095931068e-05, -6.111145921749994e-05, -5.914592111366801e-05, -5.718038300983608e-05, -5.521484126802534e-05, -5.324930316419341e-05, -5.128376142238267e-05, -4.9318223318550736e-05, -4.735268157674e-05, -4.538713983492926e-05, -4.3421601731097326e-05, -4.145605998928659e-05, -3.949051824747585e-05, -3.7524980143643916e-05, -3.555943840183318e-05, -3.3593900298001245e-05, -3.1628358556190506e-05, -2.966281863336917e-05, -2.7697278710547835e-05, -2.5731736968737096e-05, -2.376619704591576e-05, -2.1800657123094425e-05, -1.9835115381283686e-05, -1.7869577277451754e-05, -1.5904035535641015e-05, -1.3938495612819679e-05, -1.1972955689998344e-05, -1.0007417586166412e-05, -8.041877663345076e-06, -6.07633728577639e-06, -4.110796908207703e-06, -2.145256985386368e-06, -1.797170625650324e-07, 1.7858237697510049e-06, 3.7513636925723404e-06, 5.716901796404272e-06, 7.682441719225608e-06, 9.647981642046943e-06, 1.161352247436298e-05, 1.3579062397184316e-05, 1.5544603229500353e-05, 1.751014315232169e-05, 1.9475683075143024e-05, 2.1441224816953763e-05, 2.34067647397751e-05, 2.5372304662596434e-05, 2.7337846404407173e-05, 2.9303384508239105e-05, 3.1268926250049844e-05, 3.3234464353881776e-05, 3.5200006095692515e-05, 3.7165547837503254e-05, 3.9131089579313993e-05, 4.1096627683145925e-05, 4.3062169424956664e-05, 4.5027707528788596e-05, 4.6993249270599335e-05, 4.8958791012410074e-05, 5.0924329116242006e-05, 5.288986722007394e-05]}, "gradients/fc2.weight": {"_type": "histogram", "values": [1.0, 0.0, 0.0, 0.0, 0.0, 0.0, 0.0, 1.0, 0.0, 3.0, 3.0, 3.0, 2.0, 7.0, 1.0, 3.0, 3.0, 7.0, 0.0, 0.0, 2.0, 0.0, 1.0, 1.0, 2.0, 53.0, 214.0, 828.0, 777.0, 270.0, 520.0, 5122.0, 567.0, 572.0, 413.0, 370.0, 214.0, 2.0, 5.0, 1.0, 4.0, 0.0, 1.0, 3.0, 2.0, 1.0, 1.0, 0.0, 0.0, 1.0, 1.0, 5.0, 2.0, 2.0, 2.0, 2.0, 0.0, 1.0, 1.0, 0.0, 0.0, 1.0, 1.0, 1.0],