{"graph_0": {"_type": "graph-file", "path": "media/graph/graph_0_summary_250315d60755284174a6.graph.json", "sha256": "250315d60755284174a6754d4450b08eb628ca96831b1d2dc2f5446a19eada32", "size": 709}, "Epoch": 999, "Loss": 0.0011867356952279806, "Accuracy": 1.0, "_runtime": 6, "_timestamp": 1625857975, "_step": 999, "gradients/fc3.bias": {"_type": "histogram", "values": [1.0, 0.0, 0.0, 0.0, 0.0, 0.0, 0.0, 0.0, 0.0, 0.0, 0.0, 0.0, 0.0, 0.0, 0.0, 0.0, 0.0, 0.0, 0.0, 0.0, 0.0, 0.0, 0.0, 0.0, 0.0, 0.0, 0.0, 0.0, 0.0, 0.0, 0.0, 0.0, 0.0, 0.0, 0.0, 0.0, 0.0, 0.0, 0.0, 0.0, 0.0, 0.0, 0.0, 0.0, 0.0, 0.0, 0.0, 0.0, 0.0, 0.0, 0.0, 0.0, 0.0, 0.0, 0.0, 0.0, 0.0, 0.0, 0.0, 0.0, 1.0, 0.0, 0.0, 1.0], "bins": [-9.24056803341955e-06, -9.017964657687116e-06, -8.795361281954683e-06, -8.572758815716952e-06, -8.350155439984519e-06, -8.127552064252086e-06, -7.904949598014355e-06, -7.682346222281922e-06, -7.459742846549489e-06, -7.2371394708170556e-06, -7.014536549831973e-06, -6.791933628846891e-06, -6.569330253114458e-06, -6.346726877382025e-06, -6.124123956396943e-06, -5.901521035411861e-06, -5.678917659679428e-06, -5.456314283946995e-06, -5.2337113629619125e-06, -5.01110844197683e-06, -4.788505066244397e-06, -4.565901690511964e-06, -4.343298769526882e-06, -4.1206958485418e-06, -3.898092472809367e-06, -3.6754893244506093e-06, -3.4528861760918517e-06, -3.230283027733094e-06, -3.0076798793743365e-06, -2.785076731015579e-06, -2.5624735826568212e-06, -2.3398704342980636e-06, -2.117267285939306e-06, -1.8946641375805484e-06, -1.6720609892217908e-06, -1.4494578408630332e-06, -1.2268546925042756e-06, -1.004251544145518e-06, -7.816483957867604e-07, -5.590452474280028e-07, -3.3644209906924516e-07, -1.1383895071048755e-07, 1.0876419764827006e-07, 3.3136734600702766e-07, 5.539704943657853e-07, 7.765736427245429e-07, 9.991767910833005e-07, 1.221779939442058e-06, 1.4443830878008157e-06, 1.6669862361595733e-06, 1.889589384518331e-06, 2.1121925328770885e-06, 2.334795681235846e-06, 2.5573988295946037e-06, 2.7800019779533613e-06, 3.002605126312119e-06, 3.2252082746708766e-06, 3.447811423029634e-06, 3.6704145713883918e-06, 3.893017492373474e-06, 4.115620868105907e-06, 4.33822424383834e-06, 4.560827164823422e-06, 4.783430085808504e-06, 5.0060334615409374e-06]}, "gradients/fc3.weight": {"_type": "histogram", "values": [1.0, 0.0, 0.0, 0.0, 0.0, 1.0, 0.0, 0.0, 0.0, 0.0, 0.0, 0.0, 0.0, 3.0, 5.0, 1.0, 4.0, 21.0, 42.0, 22.0, 12.0, 23.0, 17.0, 14.0, 14.0, 12.0, 27.0, 27.0, 27.0, 13.0, 3.0, 4.0, 6.0, 0.0, 0.0, 0.0, 0.0, 0.0, 0.0, 0.0, 0.0, 0.0, 0.0, 0.0, 0.0, 0.0, 0.0, 0.0, 0.0, 0.0, 0.0, 0.0, 0.0, 0.0, 0.0, 0.0, 0.0, 0.0, 0.0, 0.0, 0.0, 0.0, 0.0, 1.0], "bins": [-0.00021736657072324306, -0.00020800440688617527, -0.00019864222849719226, -0.00018928006466012448, -0.00017991788627114147, -0.0001705557224340737, -0.00016119354404509068, -0.0001518313802080229, -0.0001424692163709551, -0.00013310705253388733, -0.00012374487414490432, -0.00011438271030783653, -0.00010502053191885352, -9.565836808178574e-05, -8.629619696876034e-05, -7.693402585573494e-05, -6.757184746675193e-05, -5.8209676353726536e-05, -4.884750524070114e-05, -3.948533776565455e-05, -3.0123166652629152e-05, -2.0760995539603755e-05, -1.1398828064557165e-05, -2.036656951531768e-06, 7.325506885536015e-06, 1.6687677998561412e-05, 2.6049847292597406e-05, 3.54120165866334e-05, 4.4774187699658796e-05, 5.413635881268419e-05, 6.349852628773078e-05, 7.286069740075618e-05, 8.222289034165442e-05, 9.158506145467982e-05, 0.00010094723256770521, 0.000110309396404773, 0.00011967157479375601, 0.0001290337386308238, 0.00013839590246789157, 0.00014775808085687459, 0.0001571202592458576, 0.00016648242308292538, 0.0001758446014719084, 0.00018520676530897617, 0.00019456894369795918, 0.00020393110753502697, 0.00021329327137209475, 0.00022265544976107776, 0.00023201761359814554, 0.00024137977743521333, 0.00025074195582419634, 0.00026010413421317935, 0.0002694662834983319, 0.0002788284618873149, 0.0002881906402762979, 0.0002975527895614505, 0.0003069149679504335, 0.0003162771463394165, 0.00032563929562456906, 0.00033500147401355207, 0.0003443636524025351, 0.0003537258307915181, 0.00036308798007667065, 0.00037245015846565366, 0.00038181233685463667]}, "gradients/fc2.bias": {"_type": "histogram", "values": [3.0, 1.0, 2.0, 4.0, 1.0, 3.0, 4.0, 1.0, 4.0, 1.0, 3.0, 4.0, 1.0, 3.0, 3.0, 2.0, 0.0, 0.0, 0.0, 1.0, 2.0, 1.0, 0.0, 0.0, 1.0, 1.0, 0.0, 1.0, 4.0, 0.0, 0.0, 1.0, 1.0, 0.0, 2.0, 2.0, 0.0, 1.0, 0.0, 2.0, 1.0, 0.0, 1.0, 1.0, 1.0, 1.0, 0.0, 2.0, 1.0, 3.0, 2.0, 1.0, 5.0, 3.0, 3.0, 1.0, 5.0, 3.0, 1.0, 1.0, 1.0, 1.0, 0.0, 2.0], "bins": [-1.0974285942211282e-06, -1.0634122418196057e-06, -1.0293958894180832e-06, -9.953795370165608e-07, -9.613631846150383e-07, -9.273468322135159e-07, -8.933305366554123e-07, -8.593141842538898e-07, -8.252978318523674e-07, -7.912814794508449e-07, -7.572651270493225e-07, -7.232487746478e-07, -6.892324790896964e-07, -6.55216126688174e-07, -6.211997742866515e-07, -5.871834218851291e-07, -5.531670694836066e-07, -5.191507170820842e-07, -4.851343646805617e-07, -4.511180407007487e-07, -4.171016882992262e-07, -3.8308533589770377e-07, -3.4906901191789075e-07, -3.150526595163683e-07, -2.8103630711484584e-07, -2.470199547133234e-07, -2.1300361652265565e-07, -1.789872783319879e-07, -1.4497092593046546e-07, -1.10954573528943e-07, -7.693823533827526e-08, -4.2921897147607524e-08, -8.90554474608507e-09, 2.5110800550010026e-08, 5.912714584610512e-08, 9.314349114220022e-08, 1.2715983643829532e-07, 1.6117618883981777e-07, 1.951925270304855e-07, 2.2920886522115325e-07, 2.632252176226757e-07, 2.9724157002419815e-07, 3.312579224257206e-07, 3.6527424640553363e-07, 3.992905988070561e-07, 4.3330695120857854e-07, 4.6732327518839156e-07, 5.01339627589914e-07, 5.353559799914365e-07, 5.693723323929589e-07, 6.033886847944814e-07, 6.374050371960038e-07, 6.714213895975263e-07, 7.054377419990487e-07, 7.394540375571523e-07, 7.734703899586748e-07, 8.074867423601972e-07, 8.415030947617197e-07, 8.755194471632421e-07, 9.095357995647646e-07, 9.435520951228682e-07, 9.775684475243906e-07, 1.011584799925913e-06, 1.0456011523274356e-06, 1.079617504728958e-06]}, "gradients/fc2.weight": {"_type": "histogram", "values": [1.0, 0.0, 1.0, 0.0, 2.0, 0.0, 0.0, 1.0, 2.0, 0.0, 3.0, 3.0, 2.0, 7.0, 6.0, 7.0, 5.0, 4.0, 5.0, 11.0, 5.0, 6.0, 5.0, 13.0, 12.0, 10.0, 22.0, 28.0, 25.0, 8.0, 14.0, 11.0, 9.0, 2362.0, 6864.0, 321.0, 13.0, 12.0, 9.0, 15.0, 18.0, 26.0, 16.0, 15.0, 15.0, 7.0, 12.0, 8.0, 2.0, 4.0, 5.0, 1.0, 7.0, 9.0, 9.0, 4.0, 4.0, 5.0, 1.0, 3.0, 2.0, 0.0, 2.0, 1.0],