{"Epoch": 999, "Loss": 0.18010284006595612, "Accuracy": 0.9596773982048035, "_runtime": 11, "_timestamp": 1625859673, "_step": 1001, "confusion_matrix": {"_type": "table-file", "path": "media/table/confusion_matrix_1000_67f1c4e60ab009f585c1.table.json", "sha256": "67f1c4e60ab009f585c121564e49d2a43cde1a5a660cc08d2b3b08b277b73962", "size": 157, "artifact_path": "wandb-artifact://41727469666163743a3133393735353034/confusion_matrix.table.json", "ncols": 3, "nrows": 9}, "accuracy_score": 0.9444444444444444, "precision_score": 0.9453703703703703, "recall_score": 0.9444444444444444}