{"graph_0": {"_type": "graph-file", "path": "media/graph/graph_0_summary_fb1b07d5521a5483ea0f.graph.json", "sha256": "fb1b07d5521a5483ea0f8e41d7320ad589861df2eb174f074df07e5ae14ad677", "size": 709}, "Epoch": 999, "Loss": 0.05283931642770767, "Accuracy": 0.975806474685669, "_runtime": 7, "_timestamp": 1625857656, "_step": 1000, "gradients/fc3.bias": {"_type": "histogram", "values": [1.0, 0.0, 0.0, 0.0, 0.0, 0.0, 0.0, 0.0, 0.0, 0.0, 0.0, 0.0, 0.0, 0.0, 0.0, 0.0, 0.0, 0.0, 0.0, 0.0, 0.0, 0.0, 0.0, 0.0, 0.0, 0.0, 0.0, 0.0, 0.0, 0.0, 0.0, 0.0, 0.0, 1.0, 0.0, 0.0, 0.0, 0.0, 0.0, 0.0, 0.0, 0.0, 0.0, 0.0, 0.0, 0.0, 0.0, 0.0, 0.0, 0.0, 0.0, 0.0, 0.0, 0.0, 0.0, 0.0, 0.0, 0.0, 0.0, 0.0, 0.0, 0.0, 0.0, 1.0], "bins": [-0.0036103175953030586, -0.0034996019676327705, -0.003388886107131839, -0.0032781704794615507, -0.003167454618960619, -0.003056738991290331, -0.002946023363620043, -0.002835307503119111, -0.0027245916426181793, -0.0026138760149478912, -0.0025031601544469595, -0.0023924445267766714, -0.0022817286662757397, -0.0021710130386054516, -0.0020602974109351635, -0.0019495815504342318, -0.0018388659227639437, -0.0017281501786783338, -0.0016174344345927238, -0.0015067188069224358, -0.001396002946421504, -0.001285287318751216, -0.001174571574665606, -0.0010638558305799961, -0.000953140202909708, -0.0008424244588240981, -0.0007317087147384882, -0.0006209930288605392, -0.0005102772847749293, -0.00039956154068931937, -0.00028884585481137037, -0.00017813011072576046, -6.741448305547237e-05, 4.330124647822231e-05, 0.000154016976011917, 0.00026473269099369645, 0.00037544843507930636, 0.0004861641791649163, 0.0005968798650428653, 0.0007075956091284752, 0.0008183114696294069, 0.0009290272137150168, 0.0010397429578006268, 0.0011504585854709148, 0.0012611744459718466, 0.0013718900736421347, 0.0014826058177277446, 0.0015933215618133545, 0.0017040371894836426, 0.0018147529335692525, 0.0019254686776548624, 0.0020361843053251505, 0.0021469001658260822, 0.0022576157934963703, 0.0023683314211666584, 0.00247904728166759, 0.002589763142168522, 0.00270047876983881, 0.0028111946303397417, 0.00292191025801003, 0.0030326261185109615, 0.0031433417461812496, 0.0032540573738515377, 0.0033647732343524694, 0.0034754888620227575]}, "gradients/fc3.weight": {"_type": "histogram", "values": [1.0, 0.0, 0.0, 0.0, 0.0, 0.0, 7.0, 4.0, 3.0, 4.0, 1.0, 1.0, 3.0, 3.0, 5.0, 16.0, 13.0, 12.0, 3.0, 3.0, 1.0, 4.0, 3.0, 3.0, 6.0, 1.0, 0.0, 0.0, 0.0, 0.0, 0.0, 12.0, 32.0, 40.0, 18.0, 4.0, 0.0, 0.0, 0.0, 0.0, 0.0, 6.0, 4.0, 3.0, 5.0, 0.0, 11.0, 15.0, 6.0, 20.0, 4.0, 2.0, 2.0, 3.0, 4.0, 5.0, 6.0, 0.0, 0.0, 0.0, 0.0, 0.0, 0.0, 1.0], "bins": [-0.003610284999012947, -0.0034995879977941513, -0.0033888909965753555, -0.0032781939953565598, -0.003167496994137764, -0.003056799992918968, -0.002946103224530816, -0.0028354062233120203, -0.0027247092220932245, -0.0026140122208744287, -0.002503315219655633, -0.002392618218436837, -0.002281921450048685, -0.0021712244488298893, -0.0020605274476110935, -0.0019498304463922977, -0.001839133445173502, -0.0017284364439547062, -0.0016177394427359104, -0.0015070425579324365, -0.0013963455567136407, -0.001285648555494845, -0.001174951670691371, -0.0010642546694725752, -0.0009535576682537794, -0.0008428606670349836, -0.0007321637240238488, -0.0006214667810127139, -0.0005107697797939181, -0.00040007277857512236, -0.0002893758355639875, -0.00017867889255285263, -6.798212416470051e-05, 4.271484795026481e-05, 0.00015341182006523013, 0.00026410879218019545, 0.00037480576429516077, 0.00048550276551395655, 0.0005961997085250914, 0.0007068966515362263, 0.000817593652755022, 0.0009282906539738178, 0.0010389876551926136, 0.0011496845399960876, 0.0012603815412148833, 0.001371078542433679, 0.001481775427237153, 0.0015924724284559488, 0.0017031694296747446, 0.0018138664308935404, 0.0019245634321123362, 0.002035260433331132, 0.002145957201719284, 0.00225665420293808, 0.0023673512041568756, 0.0024780482053756714, 0.002588745206594467, 0.002699442207813263, 0.0028101392090320587, 0.0029208362102508545, 0.0030315332114696503, 0.003142230212688446, 0.003252926981076598, 0.003363623982295394, 0.0034743209835141897]}, "gradients/fc2.bias": {"_type": "histogram", "values": [1.0, 0.0, 0.0, 0.0, 0.0, 1.0, 1.0, 2.0, 2.0, 0.0, 3.0, 1.0, 3.0, 4.0, 1.0, 2.0, 2.0, 2.0, 4.0, 1.0, 1.0, 4.0, 1.0, 0.0, 2.0, 0.0, 1.0, 2.0, 1.0, 0.0, 0.0, 0.0, 0.0, 2.0, 4.0, 2.0, 2.0, 0.0, 0.0, 0.0, 0.0, 0.0, 1.0, 3.0, 2.0, 0.0, 1.0, 1.0, 3.0, 0.0, 2.0, 2.0, 4.0, 0.0, 2.0, 1.0, 2.0, 2.0, 6.0, 6.0, 3.0, 3.0, 2.0, 2.0], "bins": [-0.0008654207922518253, -0.0008404792752116919, -0.0008155377581715584, -0.0007905962411314249, -0.0007656547822989523, -0.0007407132652588189, -0.0007157717482186854, -0.0006908302311785519, -0.0006658887723460793, -0.0006409472553059459, -0.0006160057382658124, -0.0005910642212256789, -0.0005661227623932064, -0.0005411812453530729, -0.0005162397283129394, -0.0004912982112728059, -0.00046635669423267245, -0.000441415177192539, -0.00041647368925623596, -0.0003915321722161025, -0.00036659068427979946, -0.000341649167239666, -0.0003167076501995325, -0.00029176613315939903, -0.00026682461611926556, -0.0002418831136310473, -0.00021694161114282906, -0.00019200009410269558, -0.00016705859161447734, -0.0001421170891262591, -0.00011717557208612561, -9.223406959790736e-05, -6.729259621351957e-05, -4.235109008732252e-05, -1.7409583961125463e-05, 7.531925803050399e-06, 3.247342829126865e-05, 5.7414930779486895e-05, 8.235644781962037e-05, 0.00010729795030783862, 0.0001322394236922264, 0.00015718092618044466, 0.0001821224286686629, 0.00020706394570879638, 0.00023200544819701463, 0.0002569469506852329, 0.00028188846772536635, 0.00030682998476549983, 0.0003317715018056333, 0.0003567130188457668, 0.0003816545067820698, 0.0004065960238222033, 0.0004315375117585063, 0.0004564790287986398, 0.00048142054583877325, 0.0005063620628789067, 0.0005313035799190402, 0.0005562450969591737, 0.0005811866139993072, 0.0006061281310394406, 0.0006310695898719132, 0.0006560111069120467, 0.0006809526239521801, 0.0007058941409923136, 0.0007308355998247862]}, "gradients/fc2.weight": {"_type": "histogram", "values": [51.0, 0.0, 0.0, 0.0, 0.0, 52.0, 50.0, 102.0, 102.0, 0.0, 152.0, 53.0, 152.0, 204.0, 51.0, 102.0, 102.0, 102.0, 203.0, 52.0, 50.0, 204.0, 52.0, 0.0, 102.0, 1.0, 100.0, 52.0, 50.0, 1.0, 2.0, 7.0, 19.0, 138.0, 5019.0, 96.0, 122.0, 7.0, 0.0, 0.0, 0.0, 1.0, 102.0, 152.0, 51.0, 0.0, 52.0, 100.0, 103.0, 1.0, 100.0, 204.0, 102.0, 52.0, 102.0, 0.0, 153.0, 51.0, 308.0, 354.0, 103.0, 153.0, 102.0, 102.0],