{"graph_0": {"_type": "graph-file", "path": "media/graph/graph_0_summary_7d551c43f8cc22213ba6.graph.json", "sha256": "7d551c43f8cc22213ba6786eff7bf635470938a39176c6b457064700d6fb0b0b", "size": 709}, "Epoch": 999, "Loss": 0.0004976554191671312, "Accuracy": 1.0, "_runtime": 7, "_timestamp": 1625858153, "_step": 1000, "gradients/fc3.bias": {"_type": "histogram", "values": [1.0, 0.0, 0.0, 0.0, 0.0, 0.0, 0.0, 0.0, 0.0, 0.0, 0.0, 0.0, 0.0, 0.0, 1.0, 0.0, 0.0, 0.0, 0.0, 0.0, 0.0, 0.0, 0.0, 0.0, 0.0, 0.0, 0.0, 0.0, 0.0, 0.0, 0.0, 0.0, 0.0, 0.0, 0.0, 0.0, 0.0, 0.0, 0.0, 0.0, 0.0, 0.0, 0.0, 0.0, 0.0, 0.0, 0.0, 0.0, 0.0, 0.0, 0.0, 0.0, 0.0, 0.0, 0.0, 0.0, 0.0, 0.0, 0.0, 0.0, 0.0, 0.0, 0.0, 1.0], "bins": [-1.0647345334291458e-06, -1.0237258720735554e-06, -9.827173244048026e-07, -9.41708719892631e-07, -9.007001153804595e-07, -8.596915108682879e-07, -8.186829063561163e-07, -7.776743018439447e-07, -7.366656973317731e-07, -6.956570928196015e-07, -6.546484883074299e-07, -6.136398837952584e-07, -5.726312792830868e-07, -5.316226747709152e-07, -4.906140702587436e-07, -4.49605465746572e-07, -4.085968612344004e-07, -3.6758825672222883e-07, -3.2657965221005725e-07, -2.8557104769788566e-07, -2.4456244318571407e-07, -2.0355383867354249e-07, -1.625452341613709e-07, -1.215366296491993e-07, -8.052802513702773e-08, -3.951942062485614e-08, 1.4891838873154484e-09, 4.2497788399487035e-08, 8.350639291165862e-08, 1.245149974238302e-07, 1.655236019360018e-07, 2.0653220644817338e-07, 2.4754081096034497e-07, 2.8854941547251656e-07, 3.2955801998468814e-07, 3.7056662449685973e-07, 4.115752290090313e-07, 4.525838335212029e-07, 4.935924380333745e-07, 5.346010425455461e-07, 5.756096470577177e-07, 6.166182515698893e-07, 6.576268560820608e-07, 6.986354605942324e-07, 7.39644065106404e-07, 7.806526696185756e-07, 8.216612741307472e-07, 8.626698786429188e-07, 9.036784831550904e-07, 9.44687087667262e-07, 9.856956921794335e-07, 1.0267042398481863e-06, 1.0677129012037767e-06, 1.1087215625593672e-06, 1.1497301102281199e-06, 1.1907386578968726e-06, 1.231747319252463e-06, 1.2727559806080535e-06, 1.3137645282768062e-06, 1.354773075945559e-06, 1.3957817373011494e-06, 1.4367903986567399e-06, 1.4777989463254926e-06, 1.5188074939942453e-06, 1.5598161553498358e-06]}, "gradients/fc3.weight": {"_type": "histogram", "values": [1.0, 0.0, 0.0, 0.0, 1.0, 1.0, 0.0, 0.0, 4.0, 2.0, 5.0, 8.0, 4.0, 9.0, 11.0, 10.0, 11.0, 9.0, 6.0, 5.0, 11.0, 3.0, 4.0, 5.0, 0.0, 1.0, 2.0, 3.0, 4.0, 5.0, 7.0, 9.0, 5.0, 10.0, 6.0, 8.0, 7.0, 3.0, 2.0, 1.0, 3.0, 8.0, 6.0, 3.0, 6.0, 5.0, 4.0, 7.0, 4.0, 12.0, 12.0, 8.0, 10.0, 9.0, 5.0, 3.0, 8.0, 0.0, 1.0, 0.0, 0.0, 1.0, 0.0, 2.0], "bins": [-6.192889122758061e-05, -6.005859904689714e-05, -5.8188310504192486e-05, -5.631801832350902e-05, -5.4447729780804366e-05, -5.25774376001209e-05, -5.070714541943744e-05, -4.8836853238753974e-05, -4.696656469604932e-05, -4.5096272515365854e-05, -4.32259839726612e-05, -4.135569179197773e-05, -3.948539961129427e-05, -3.761511106858961e-05, -3.574481888790615e-05, -3.387453034520149e-05, -3.200423816451803e-05, -3.0133947802823968e-05, -2.8263657441129908e-05, -2.6393365260446444e-05, -2.4523074898752384e-05, -2.2652784537058324e-05, -2.078249235637486e-05, -1.89122019946808e-05, -1.704191163298674e-05, -1.5171621271292679e-05, -1.3301330000103917e-05, -1.1431038728915155e-05, -9.560748367221095e-06, -7.690458005527034e-06, -5.820166734338272e-06, -3.94987546314951e-06, -2.079581463476643e-06, -2.0929064703523181e-07, 1.6610001694061793e-06, 3.5312909858475905e-06, 5.401581802289002e-06, 7.271872163983062e-06, 9.142163435171824e-06, 1.1012454706360586e-05, 1.2882745068054646e-05, 1.4753035429748707e-05, 1.6623325791442767e-05, 1.849361797212623e-05, 2.036390833382029e-05, 2.223419869551435e-05, 2.4104490876197815e-05, 2.5974781237891875e-05, 2.7845071599585935e-05, 2.9715361961279996e-05, 3.1585652322974056e-05, 3.345594450365752e-05, 3.5326236684340984e-05, 3.719652522704564e-05, 3.9066817407729104e-05, 4.093710595043376e-05, 4.2807398131117225e-05, 4.467769031180069e-05, 4.6547978854505345e-05, 4.841827103518881e-05, 5.0288559577893466e-05, 5.215885175857693e-05, 5.402914393926039e-05, 5.589943611994386e-05, 5.7769724662648514e-05]}, "gradients/fc2.bias": {"_type": "histogram", "values": [1.0, 1.0, 0.0, 0.0, 0.0, 2.0, 0.0, 1.0, 4.0, 3.0, 1.0, 3.0, 2.0, 3.0, 6.0, 3.0, 1.0, 1.0, 4.0, 3.0, 1.0, 1.0, 0.0, 0.0, 1.0, 1.0, 0.0, 2.0, 2.0, 2.0, 1.0, 1.0, 0.0, 2.0, 1.0, 1.0, 1.0, 3.0, 0.0, 1.0, 4.0, 2.0, 3.0, 3.0, 5.0, 2.0, 6.0, 3.0, 1.0, 1.0, 3.0, 2.0, 2.0, 0.0, 0.0, 0.0, 1.0, 0.0, 0.0, 1.0, 0.0, 0.0, 0.0, 1.0], "bins": [-5.151329105501645e-07, -4.983566554983554e-07, -4.815803436031274e-07, -4.6480408855131827e-07, -4.480278050777997e-07, -4.3125152160428115e-07, -4.14475266552472e-07, -3.9769898307895346e-07, -3.809226996054349e-07, -3.6414641613191634e-07, -3.473701326583978e-07, -3.3059387760658865e-07, -3.138175941330701e-07, -2.9704131065955153e-07, -2.802650556077424e-07, -2.6348877213422384e-07, -2.467124886607053e-07, -2.2993620518718672e-07, -2.1315993592452287e-07, -1.9638366666185902e-07, -1.7960738318834046e-07, -1.628310997148219e-07, -1.4605483045215806e-07, -1.292785611894942e-07, -1.1250227771597565e-07, -9.572600134788445e-08, -7.894972497979325e-08, -6.217344861170204e-08, -4.539717224361084e-08, -2.8620895875519636e-08, -1.1844619507428433e-08, 4.93165686066277e-09, 2.1707933228753973e-08, 3.8484209596845176e-08, 5.526048596493638e-08, 7.203676233302758e-08, 8.881303870111878e-08, 1.0558931506920999e-07, 1.223655914373012e-07, 1.3914186069996504e-07, 1.559181441734836e-07, 1.7269442764700216e-07, 1.89470696909666e-07, 2.0624696617232985e-07, 2.230232496458484e-07, 2.3979953311936697e-07, 2.565757881711761e-07, 2.7335207164469466e-07, 2.901283551182132e-07, 3.069046385917318e-07, 3.2368092206525034e-07, 3.4045717711705947e-07, 3.5723346059057803e-07, 3.740097440640966e-07, 3.907859991159057e-07, 4.075622825894243e-07, 4.2433856606294285e-07, 4.411148495364614e-07, 4.5789113300997997e-07, 4.746673880617891e-07, 4.914436431135982e-07, 5.082199550088262e-07, 5.249962100606353e-07, 5.417725219558633e-07, 5.585487770076725e-07]}, "gradients/fc2.weight": {"_type": "histogram", "values": [2.0, 1.0, 1.0, 4.0, 4.0, 5.0, 3.0, 1.0, 2.0, 6.0, 4.0, 6.0, 6.0, 4.0, 11.0, 19.0, 18.0, 26.0, 18.0, 32.0, 9.0, 15.0, 12.0, 14.0, 17.0, 66.0, 69.0, 1641.0, 5636.0, 1970.0, 58.0, 78.0, 30.0, 10.0, 8.0, 5.0, 17.0, 22.0, 20.0, 24.0, 14.0, 19.0, 11.0, 8.0, 5.0, 6.0, 5.0, 5.0, 8.0, 4.0, 2.0, 4.0, 2.0, 4.0, 0.0, 1.0, 5.0, 0.0, 1.0, 1.0, 0.0, 0.0, 0.0, 1.0],