{"graph_0": {"_type": "graph-file", "path": "media/graph/graph_0_summary_6ecacac0eff0a0352b15.graph.json", "sha256": "6ecacac0eff0a0352b15d31152bc232c8d7f511eacc06ed6121be69debe98600", "size": 709}, "Epoch": 999, "Loss": 0.003156753024086356, "Accuracy": 1.0, "_runtime": 7, "_timestamp": 1625858076, "_step": 1000, "gradients/fc3.bias": {"_type": "histogram", "values": [1.0, 0.0, 0.0, 0.0, 0.0, 0.0, 0.0, 0.0, 0.0, 0.0, 0.0, 0.0, 0.0, 0.0, 0.0, 0.0, 0.0, 0.0, 0.0, 0.0, 0.0, 0.0, 0.0, 0.0, 0.0, 0.0, 0.0, 0.0, 0.0, 0.0, 0.0, 0.0, 0.0, 0.0, 0.0, 0.0, 0.0, 0.0, 0.0, 0.0, 0.0, 0.0, 0.0, 0.0, 0.0, 0.0, 0.0, 0.0, 0.0, 0.0, 0.0, 0.0, 0.0, 0.0, 1.0, 0.0, 0.0, 0.0, 0.0, 0.0, 0.0, 0.0, 0.0, 1.0], "bins": [-1.552270259708166e-05, -1.512996186647797e-05, -1.4737221135874279e-05, -1.4344480405270588e-05, -1.3951739674666896e-05, -1.3558998944063205e-05, -1.3166258213459514e-05, -1.2773517482855823e-05, -1.2380776752252132e-05, -1.198803602164844e-05, -1.159529529104475e-05, -1.1202554560441058e-05, -1.0809813829837367e-05, -1.0417073099233676e-05, -1.0024332368629985e-05, -9.631591638026293e-06, -9.238850907422602e-06, -8.846110176818911e-06, -8.45336944621522e-06, -8.060628715611529e-06, -7.667887985007837e-06, -7.275147254404146e-06, -6.882406523800455e-06, -6.489665793196764e-06, -6.096925062593073e-06, -5.7041843319893815e-06, -5.31144360138569e-06, -4.918702870781999e-06, -4.525962140178308e-06, -4.133221409574617e-06, -3.7404806789709255e-06, -3.3477399483672343e-06, -2.954999217763543e-06, -2.562258487159852e-06, -2.1695177565561607e-06, -1.7767770259524696e-06, -1.3840362953487784e-06, -9.912955647450872e-07, -5.98554834141396e-07, -2.058141035377048e-07, 1.869266270659864e-07, 5.796673576696776e-07, 9.724080882733688e-07, 1.36514881887706e-06, 1.7578895494807512e-06, 2.1506302800844423e-06, 2.5433710106881335e-06, 2.9361117412918247e-06, 3.328852471895516e-06, 3.721593202499207e-06, 4.114333933102898e-06, 4.5070746637065895e-06, 4.899815394310281e-06, 5.292556124913972e-06, 5.685296855517663e-06, 6.078037586121354e-06, 6.4707783167250454e-06, 6.863519047328737e-06, 7.256259777932428e-06, 7.649000508536119e-06, 8.04174123913981e-06, 8.434481969743501e-06, 8.827222700347193e-06, 9.219963430950884e-06, 9.612704161554575e-06]}, "gradients/fc3.weight": {"_type": "histogram", "values": [2.0, 2.0, 4.0, 4.0, 3.0, 7.0, 6.0, 5.0, 8.0, 15.0, 7.0, 3.0, 7.0, 4.0, 2.0, 6.0, 8.0, 1.0, 4.0, 8.0, 3.0, 2.0, 2.0, 3.0, 1.0, 2.0, 4.0, 4.0, 5.0, 2.0, 8.0, 2.0, 5.0, 5.0, 3.0, 5.0, 3.0, 5.0, 6.0, 1.0, 5.0, 5.0, 6.0, 4.0, 4.0, 5.0, 3.0, 5.0, 4.0, 5.0, 12.0, 7.0, 7.0, 8.0, 3.0, 3.0, 10.0, 5.0, 4.0, 8.0, 3.0, 2.0, 2.0, 3.0], "bins": [-0.00017504399875178933, -0.0001696054096100852, -0.00016416680591646582, -0.00015872821677476168, -0.0001532896130811423, -0.00014785102393943816, -0.00014241243479773402, -0.00013697383110411465, -0.0001315352419624105, -0.00012609665282070637, -0.000120658049127087, -0.00011521945998538285, -0.0001097808635677211, -0.00010434226715005934, -9.89036780083552e-05, -9.346508159069344e-05, -8.802648517303169e-05, -8.258788875536993e-05, -7.714929233770818e-05, -7.171070319600403e-05, -6.627210677834228e-05, -6.083351036068052e-05, -5.539491758099757e-05, -4.995632480131462e-05, -4.4517728383652866e-05, -3.907913196599111e-05, -3.364053918630816e-05, -2.8201944587635808e-05, -2.2763349988963455e-05, -1.7324755390291102e-05, -1.188616079161875e-05, -6.4475680119358e-06, -1.008971594274044e-06, 4.429623004398309e-06, 9.868217603070661e-06, 1.5306812201743014e-05, 2.0745406800415367e-05, 2.618400139908772e-05, 3.162259599776007e-05, 3.706118877744302e-05, 4.249978519510478e-05, 4.7938381612766534e-05, 5.337697439244948e-05, 5.881556717213243e-05, 6.425416358979419e-05, 6.969276000745595e-05, 7.513134914916009e-05, 8.056994556682184e-05, 8.60085419844836e-05, 9.144713840214536e-05, 9.688573481980711e-05, 0.00010232432396151125, 0.00010776292037917301, 0.00011320151679683477, 0.00011864010593853891, 0.00012407870963215828, 0.00012951729877386242, 0.00013495588791556656, 0.00014039449160918593, 0.00014583308075089008, 0.00015127166989259422, 0.0001567102735862136, 0.00016214886272791773, 0.00016758745186962187, 0.00017302605556324124]}, "gradients/fc2.bias": {"_type": "histogram", "values": [1.0, 0.0, 0.0, 1.0, 1.0, 0.0, 1.0, 0.0, 1.0, 1.0, 0.0, 1.0, 2.0, 2.0, 2.0, 1.0, 3.0, 0.0, 1.0, 5.0, 3.0, 0.0, 1.0, 3.0, 3.0, 1.0, 4.0, 4.0, 2.0, 2.0, 3.0, 2.0, 2.0, 0.0, 2.0, 1.0, 1.0, 1.0, 0.0, 2.0, 3.0, 2.0, 1.0, 0.0, 3.0, 5.0, 5.0, 2.0, 1.0, 3.0, 2.0, 3.0, 3.0, 4.0, 0.0, 1.0, 0.0, 0.0, 0.0, 0.0, 0.0, 0.0, 0.0, 2.0], "bins": [-3.1887916520645376e-06, -3.0943342608225066e-06, -2.9998768695804756e-06, -2.9054194783384446e-06, -2.810962314470089e-06, -2.716504923228058e-06, -2.622047531986027e-06, -2.527590140743996e-06, -2.433132749501965e-06, -2.338675358259934e-06, -2.244217967017903e-06, -2.1497608031495474e-06, -2.0553034119075164e-06, -1.9608460206654854e-06, -1.8663886294234544e-06, -1.7719312381814234e-06, -1.6774739606262301e-06, -1.583016569384199e-06, -1.4885592918290058e-06, -1.3941019005869748e-06, -1.2996445093449438e-06, -1.2051871181029128e-06, -1.1107298405477195e-06, -1.0162724493056885e-06, -9.218151717504952e-07, -8.273578373518831e-07, -7.329004461098521e-07, -6.384431117112399e-07, -5.439857204692089e-07, -4.4952838607059675e-07, -3.550710516719846e-07, -2.606136604299536e-07, -1.661562691879226e-07, -7.169891347302837e-08, 2.275844224186585e-08, 1.1721579085133271e-07, 2.116731536716543e-07, 3.0613051649197587e-07, 4.00587850890588e-07, 4.95045242132619e-07, 5.8950263337465e-07, 6.839599677732622e-07, 7.784173590152932e-07, 8.728746934139053e-07, 9.673320846559363e-07, 1.0617893622111296e-06, 1.1562467534531606e-06, 1.2507041446951916e-06, 1.345161422250385e-06, 1.439618813492416e-06, 1.5340760910476092e-06, 1.6285334822896402e-06, 1.7229908735316712e-06, 1.8174482647737022e-06, 1.9119056560157333e-06, 2.0063630472577643e-06, 2.10082021112612e-06, 2.195277602368151e-06, 2.289734993610182e-06, 2.3841921574785374e-06, 2.4786495487205684e-06, 2.5731069399625994e-06, 2.6675643312046304e-06, 2.7620217224466614e-06, 2.8564791136886925e-06]}, "gradients/fc2.weight": {"_type": "histogram", "values": [2.0, 0.0, 0.0, 0.0, 0.0, 2.0, 0.0, 0.0, 2.0, 2.0, 5.0, 5.0, 4.0, 12.0, 10.0, 17.0, 11.0, 9.0, 10.0, 7.0, 8.0, 5.0, 2.0, 5.0, 8.0, 31.0, 20.0, 1995.0, 7547.0, 107.0, 24.0, 17.0, 6.0, 8.0, 3.0, 9.0, 8.0, 13.0, 8.0, 8.0, 12.0, 15.0, 18.0, 10.0, 2.0, 1.0, 1.0, 1.0, 0.0, 0.0, 1.0, 1.0, 1.0, 1.0, 1.0, 2.0, 0.0, 0.0, 1.0, 1.0, 0.0, 0.0, 0.0, 1.0],