{"graph_1": {"_type": "graph-file", "path": "media/graph/graph_1_summary_fdc27e7b36d67cc01876.graph.json", "sha256": "fdc27e7b36d67cc018769b4e8e67868a82e12ee743e274eb7fadbd85e8d0e074", "size": 709}, "Epoch": 999, "Loss": 0.03476887196302414, "Accuracy": 0.9919354915618896, "_runtime": 12, "_timestamp": 1625850837, "_step": 1001, "gradients/graph_1fc3.bias": {"_type": "histogram", "values": [1.0, 0.0, 0.0, 0.0, 0.0, 0.0, 0.0, 0.0, 0.0, 0.0, 0.0, 0.0, 0.0, 0.0, 0.0, 0.0, 0.0, 0.0, 0.0, 0.0, 0.0, 0.0, 0.0, 0.0, 0.0, 0.0, 0.0, 0.0, 0.0, 0.0, 0.0, 0.0, 0.0, 0.0, 0.0, 1.0, 0.0, 0.0, 0.0, 0.0, 0.0, 0.0, 0.0, 0.0, 0.0, 0.0, 0.0, 0.0, 0.0, 0.0, 0.0, 0.0, 0.0, 0.0, 0.0, 0.0, 0.0, 0.0, 0.0, 0.0, 0.0, 0.0, 0.0, 1.0], "bins": [-1.133324985858053e-05, -1.0991025192197412e-05, -1.0648800525814295e-05, -1.0306576768925879e-05, -9.964352102542762e-06, -9.622127436159644e-06, -9.279903679271229e-06, -8.937679012888111e-06, -8.595454346504994e-06, -8.253229680121876e-06, -7.911005013738759e-06, -7.568781256850343e-06, -7.226556590467226e-06, -6.884331924084108e-06, -6.542107712448342e-06, -6.199883500812575e-06, -5.857658834429458e-06, -5.51543416804634e-06, -5.173209956410574e-06, -4.830985744774807e-06, -4.48876107839169e-06, -4.146536412008572e-06, -3.804312200372806e-06, -3.462087761363364e-06, -3.119863322353922e-06, -2.77763888334448e-06, -2.435414444335038e-06, -2.093190005325596e-06, -1.7509655663161539e-06, -1.4087411273067119e-06, -1.0665166882972699e-06, -7.242922492878279e-07, -3.820678102783859e-07, -3.9843371268943883e-08, 3.023810677404981e-07, 6.446055067499401e-07, 9.86829945759382e-07, 1.329054384768824e-06, 1.671278823778266e-06, 2.013503262787708e-06, 2.35572770179715e-06, 2.697952140806592e-06, 3.040176579816034e-06, 3.382401018825476e-06, 3.724625457834918e-06, 4.0668501242180355e-06, 4.409074335853802e-06, 4.751298547489569e-06, 5.093523213872686e-06, 5.4357478802558035e-06, 5.77797209189157e-06, 6.1201963035273366e-06, 6.462420969910454e-06, 6.8046456362935714e-06, 7.146869847929338e-06, 7.4890940595651045e-06, 7.831318725948222e-06, 8.17354339233134e-06, 8.515768058714457e-06, 8.857991815602873e-06, 9.20021648198599e-06, 9.542441148369107e-06, 9.884664905257523e-06, 1.022688957164064e-05, 1.0569114238023758e-05]}, "gradients/graph_1fc3.weight": {"_type": "histogram", "values": [3.0, 1.0, 1.0, 4.0, 3.0, 0.0, 2.0, 1.0, 0.0, 3.0, 4.0, 10.0, 2.0, 4.0, 2.0, 7.0, 10.0, 11.0, 9.0, 12.0, 3.0, 7.0, 2.0, 6.0, 7.0, 0.0, 3.0, 4.0, 1.0, 4.0, 3.0, 4.0, 9.0, 10.0, 6.0, 2.0, 9.0, 3.0, 6.0, 9.0, 5.0, 4.0, 5.0, 5.0, 8.0, 10.0, 6.0, 13.0, 11.0, 7.0, 5.0, 3.0, 4.0, 2.0, 4.0, 6.0, 3.0, 1.0, 3.0, 3.0, 0.0, 0.0, 3.0, 2.0], "bins": [-0.00021958962315693498, -0.00021288795687723905, -0.00020618629059754312, -0.0001994846243178472, -0.00019278295803815126, -0.00018608129175845534, -0.0001793796254787594, -0.00017267794464714825, -0.00016597629291936755, -0.00015927462663967162, -0.0001525729603599757, -0.00014587129408027977, -0.00013916962780058384, -0.0001324679615208879, -0.00012576629524119198, -0.00011906462168553844, -0.0001123629481298849, -0.00010566128185018897, -9.895961557049304e-05, -9.225794929079711e-05, -8.555628301110119e-05, -7.885461673140526e-05, -7.215294317575172e-05, -6.545127689605579e-05, -5.8749603340402246e-05, -5.204793706070632e-05, -4.534627078101039e-05, -3.8644600863335654e-05, -3.1942934583639726e-05, -2.5241268303943798e-05, -1.8539598386269063e-05, -1.1837932106573135e-05, -5.136273102834821e-06, 1.5653940863558091e-06, 8.267061275546439e-06, 1.496872937423177e-05, 2.16703956539277e-05, 2.8372061933623627e-05, 3.507373185129836e-05, 4.177539813099429e-05, 4.8477057134732604e-05, 5.517872341442853e-05, 6.188038969412446e-05, 6.858205597382039e-05, 7.528372225351632e-05, 8.198538853321224e-05, 8.868706208886579e-05, 9.538872836856171e-05, 0.00010209040192421526, 0.00010879206820391119, 0.00011549373448360711, 0.00012219540076330304, 0.00012889706704299897, 0.0001355987333226949, 0.00014230041415430605, 0.00014900206588208675, 0.0001557037467136979, 0.00016240541299339384, 0.00016910707927308977, 0.0001758087455527857, 0.00018251041183248162, 0.00018921207811217755, 0.00019591374439187348, 0.00020261542522348464, 0.00020931707695126534]}, "gradients/graph_1fc2.bias": {"_type": "histogram", "values": [1.0, 0.0, 0.0, 0.0, 0.0, 0.0, 0.0, 1.0, 0.0, 0.0, 0.0, 0.0, 1.0, 0.0, 0.0, 0.0, 0.0, 0.0, 0.0, 0.0, 0.0, 0.0, 0.0, 1.0, 2.0, 1.0, 1.0, 1.0, 2.0, 1.0, 2.0, 4.0, 3.0, 4.0, 6.0, 4.0, 1.0, 6.0, 3.0, 2.0, 8.0, 4.0, 5.0, 3.0, 2.0, 1.0, 2.0, 4.0, 3.0, 1.0, 2.0, 3.0, 4.0, 1.0, 1.0, 4.0, 1.0, 1.0, 0.0, 0.0, 0.0, 0.0, 1.0, 2.0], "bins": [-7.225182343972847e-06, -7.044759058771888e-06, -6.864335318823578e-06, -6.683912033622619e-06, -6.503488293674309e-06, -6.32306500847335e-06, -6.142641723272391e-06, -5.962217983324081e-06, -5.781794698123122e-06, -5.6013714129221626e-06, -5.420947672973853e-06, -5.2405243877728935e-06, -5.0601011025719345e-06, -4.8796773626236245e-06, -4.6992540774226654e-06, -4.518830792221706e-06, -4.338407052273396e-06, -4.157983767072437e-06, -3.977560027124127e-06, -3.7971367419231683e-06, -3.6167132293485338e-06, -3.4362897167738993e-06, -3.25586643157294e-06, -3.0754429189983057e-06, -2.895019406423671e-06, -2.7145958938490367e-06, -2.534172381274402e-06, -2.353749096073443e-06, -2.1733255834988086e-06, -1.992902070924174e-06, -1.8124786720363772e-06, -1.6320552731485805e-06, -1.451631760573946e-06, -1.2712082479993114e-06, -1.0907848491115146e-06, -9.10361393380299e-07, -7.299379376490833e-07, -5.495144819178677e-07, -3.69091026186652e-07, -1.8866762729885522e-07, -8.244114724220708e-09, 1.7217934100699495e-07, 3.526027967382106e-07, 5.330262524694263e-07, 7.134497082006419e-07, 8.938731639318576e-07, 1.0742966196630732e-06, 1.25472001855087e-06, 1.4351435311255045e-06, 1.615567043700139e-06, 1.7959904425879358e-06, 1.9764138414757326e-06, 2.156837354050367e-06, 2.3372608666250017e-06, 2.5176841518259607e-06, 2.6981076644005952e-06, 2.8785311769752298e-06, 3.0589546895498643e-06, 3.2393782021244988e-06, 3.419801487325458e-06, 3.6002249999000924e-06, 3.780648512474727e-06, 3.961071797675686e-06, 4.141495082876645e-06, 4.321918822824955e-06]}, "gradients/graph_1fc2.weight": {"_type": "histogram", "values": [1.0, 1.0, 5.0, 3.0, 4.0, 4.0, 1.0, 7.0, 4.0, 2.0, 2.0, 6.0, 1.0, 4.0, 2.0, 2.0, 4.0, 7.0, 6.0, 3.0, 3.0, 8.0, 9.0, 12.0, 7.0, 5.0, 15.0, 121.0, 337.0, 7511.0, 1584.0, 173.0, 12.0, 14.0, 13.0, 12.0, 9.0, 4.0, 3.0, 1.0, 11.0, 6.0, 5.0, 4.0, 5.0, 3.0, 5.0, 0.0, 8.0, 2.0, 2.0, 1.0, 4.0, 0.0, 3.0, 4.0, 2.0, 4.0, 3.0, 3.0, 0.0, 1.0, 1.0, 1.0],