{"graph_0": {"_type": "graph-file", "path": "media/graph/graph_0_summary_06a31f16ab3b4c3989cf.graph.json", "sha256": "06a31f16ab3b4c3989cf820d63c6126813919832006ea06005e24fa9d193eee8", "size": 709}, "Epoch": 949, "Loss": 0.0003414472157601267, "Accuracy": 1.0, "_runtime": 7, "_timestamp": 1625857500, "_step": 949, "gradients/fc3.bias": {"_type": "histogram", "values": [1.0, 0.0, 0.0, 0.0, 0.0, 0.0, 0.0, 0.0, 0.0, 0.0, 0.0, 0.0, 0.0, 0.0, 0.0, 0.0, 0.0, 0.0, 0.0, 0.0, 0.0, 0.0, 0.0, 0.0, 0.0, 0.0, 0.0, 0.0, 0.0, 0.0, 0.0, 1.0, 0.0, 0.0, 0.0, 0.0, 0.0, 0.0, 0.0, 0.0, 0.0, 0.0, 0.0, 0.0, 0.0, 0.0, 0.0, 0.0, 0.0, 0.0, 0.0, 0.0, 0.0, 0.0, 0.0, 0.0, 0.0, 0.0, 0.0, 0.0, 0.0, 0.0, 0.0, 1.0], "bins": [-7.004867711657425e-06, -6.784546258131741e-06, -6.564224804606056e-06, -6.34390289633302e-06, -6.123581442807335e-06, -5.903259989281651e-06, -5.682938535755966e-06, -5.462617082230281e-06, -5.242295628704596e-06, -5.0219741751789115e-06, -4.801652721653227e-06, -4.581331268127542e-06, -4.361009359854506e-06, -4.1406879063288216e-06, -3.920366452803137e-06, -3.700044999277452e-06, -3.4797230910044163e-06, -3.2594016374787316e-06, -3.0390799565793714e-06, -2.8187585030536866e-06, -2.5984368221543264e-06, -2.3781153686286416e-06, -2.157793915102957e-06, -1.937472461577272e-06, -1.7171510080515873e-06, -1.4968294408390648e-06, -1.2765078736265423e-06, -1.0561864201008575e-06, -8.35864852888335e-07, -6.155432856758125e-07, -3.9522183215012774e-07, -1.7490026493760524e-07, 4.542107490124181e-08, 2.657426136920549e-07, 4.860641524828679e-07, 7.063856628519716e-07, 9.267072300644941e-07, 1.1470287972770166e-06, 1.3673502508027013e-06, 1.5876718180152238e-06, 1.8079936126014218e-06, 2.0283150661271065e-06, 2.2486367470264668e-06, 2.4689582005521515e-06, 2.6892798814515118e-06, 2.9096013349771965e-06, 3.1299227885028813e-06, 3.350244242028566e-06, 3.570565695554251e-06, 3.7908871490799356e-06, 4.01120860260562e-06, 4.231530510878656e-06, 4.451851964404341e-06, 4.672173417930026e-06, 4.89249487145571e-06, 5.112816324981395e-06, 5.33313777850708e-06, 5.553459232032765e-06, 5.7737806855584495e-06, 5.994102139084134e-06, 6.21442404735717e-06, 6.434745500882855e-06, 6.6550669544085395e-06, 6.875388407934224e-06, 7.09571031620726e-06]}, "gradients/fc3.weight": {"_type": "histogram", "values": [1.0, 0.0, 0.0, 0.0, 0.0, 0.0, 0.0, 0.0, 0.0, 0.0, 0.0, 0.0, 0.0, 0.0, 0.0, 0.0, 0.0, 0.0, 0.0, 0.0, 0.0, 1.0, 0.0, 1.0, 0.0, 1.0, 1.0, 4.0, 5.0, 4.0, 4.0, 14.0, 19.0, 17.0, 12.0, 12.0, 11.0, 15.0, 15.0, 5.0, 4.0, 8.0, 9.0, 6.0, 11.0, 7.0, 8.0, 4.0, 2.0, 6.0, 9.0, 3.0, 15.0, 15.0, 17.0, 10.0, 13.0, 5.0, 1.0, 2.0, 0.0, 1.0, 0.0, 2.0], "bins": [-9.688611316960305e-05, -9.46101063163951e-05, -9.233409946318716e-05, -9.00580853340216e-05, -8.778207848081365e-05, -8.55060716276057e-05, -8.323006477439776e-05, -8.09540506452322e-05, -7.867804379202425e-05, -7.640203693881631e-05, -7.412603008560836e-05, -7.18500159564428e-05, -6.957400910323486e-05, -6.729800225002691e-05, -6.502199539681897e-05, -6.27459812676534e-05, -6.046997805242427e-05, -5.819397119921632e-05, -5.591796070802957e-05, -5.364195385482162e-05, -5.136594336363487e-05, -4.9089936510426924e-05, -4.681392601924017e-05, -4.4537919166032225e-05, -4.226191231282428e-05, -3.998590545961633e-05, -3.770989496842958e-05, -3.5433888115221635e-05, -3.315787762403488e-05, -3.0881870770826936e-05, -2.8605862098629586e-05, -2.6329853426432237e-05, -2.4053842935245484e-05, -2.1777834263048135e-05, -1.9501825590850785e-05, -1.722581873764284e-05, -1.4949809155950788e-05, -1.2673800483753439e-05, -1.0397792721050791e-05, -8.121784048853442e-06, -5.845773557666689e-06, -3.5697651128430152e-06, -1.2937566680193413e-06, 9.822515494306572e-07, 3.2582602216280065e-06, 5.534268893825356e-06, 7.810276656528004e-06, 1.0086285328725353e-05, 1.2362292181933299e-05, 1.4638300854130648e-05, 1.6914309526327997e-05, 1.9190316379535943e-05, 2.1466326870722696e-05, 2.3742333723930642e-05, 2.601834239612799e-05, 2.829435106832534e-05, 3.0570357921533287e-05, 3.284636477474123e-05, 3.5122375265927985e-05, 3.739838211913593e-05, 3.9674392610322684e-05, 4.195039946353063e-05, 4.4226406316738576e-05, 4.650241680792533e-05, 4.877842729911208e-05]}, "gradients/fc2.bias": {"_type": "histogram", "values": [3.0, 0.0, 0.0, 1.0, 5.0, 1.0, 0.0, 0.0, 1.0, 2.0, 0.0, 3.0, 0.0, 0.0, 0.0, 0.0, 1.0, 3.0, 3.0, 1.0, 0.0, 0.0, 3.0, 0.0, 2.0, 3.0, 2.0, 2.0, 1.0, 1.0, 4.0, 6.0, 7.0, 7.0, 1.0, 2.0, 0.0, 2.0, 2.0, 1.0, 0.0, 1.0, 0.0, 1.0, 1.0, 2.0, 0.0, 2.0, 2.0, 2.0, 2.0, 1.0, 2.0, 2.0, 1.0, 2.0, 2.0, 0.0, 2.0, 2.0, 1.0, 0.0, 0.0, 2.0], "bins": [-4.3488239498401526e-07, -4.218107108044933e-07, -4.087390266249713e-07, -3.956673424454493e-07, -3.8259565826592734e-07, -3.6952397408640536e-07, -3.564522899068834e-07, -3.4338057730565197e-07, -3.303089215478394e-07, -3.1723723736831744e-07, -3.0416555318879546e-07, -2.910938690092735e-07, -2.780221848297515e-07, -2.649505006502295e-07, -2.5187881647070753e-07, -2.388071038694761e-07, -2.2573541968995414e-07, -2.1266373551043216e-07, -1.9959205133091018e-07, -1.865203671513882e-07, -1.7344868297186622e-07, -1.6037699879234424e-07, -1.4730530040196754e-07, -1.3423361622244556e-07, -1.2116191783206887e-07, -1.0809023365254689e-07, -9.50185494730249e-08, -8.194685818807557e-08, -6.887517400855359e-08, -5.5803489829031605e-08, -4.273179854408227e-08, -2.9660114364560286e-08, -1.658844439589302e-08, -3.5167584400142005e-09, 9.55492751586462e-09, 2.262661524810028e-08, 3.569829942762226e-08, 4.876998360714424e-08, 6.184167489209358e-08, 7.491335907161556e-08, 8.798502904028283e-08, 1.010567132198048e-07, 1.1412839739932679e-07, 1.2720008157884877e-07, 1.4027176575837075e-07, 1.5334344993789273e-07, 1.6641514832826942e-07, 1.794868325077914e-07, 1.925585308981681e-07, 2.0563021507769008e-07, 2.1870189925721206e-07, 2.3177358343673404e-07, 2.44845267616256e-07, 2.57916951795778e-07, 2.709886643970094e-07, 2.8406032015482197e-07, 2.971320327560534e-07, 3.1020371693557536e-07, 3.2327540111509734e-07, 3.363470852946193e-07, 3.494187694741413e-07, 3.624904536536633e-07, 3.7556213783318526e-07, 3.8863385043441667e-07, 4.017055061922292e-07]}, "gradients/fc2.weight": {"_type": "histogram", "values": [2.0, 1.0, 2.0, 3.0, 3.0, 3.0, 1.0, 11.0, 5.0, 5.0, 5.0, 9.0, 10.0, 11.0, 14.0, 5.0, 22.0, 12.0, 12.0, 23.0, 18.0, 41.0, 41.0, 38.0, 43.0, 37.0, 37.0, 42.0, 437.0, 875.0, 6421.0, 1241.0, 124.0, 38.0, 39.0, 48.0, 35.0, 31.0, 27.0, 33.0, 28.0, 24.0, 21.0, 16.0, 18.0, 9.0, 12.0, 7.0, 3.0, 10.0, 4.0, 2.0, 7.0, 6.0, 6.0, 6.0, 3.0, 3.0, 1.0, 2.0, 1.0, 2.0, 3.0, 1.0],