{"graph_0": {"_type": "graph-file", "path": "media/graph/graph_0_summary_e19fdbe34dddfa46a92a.graph.json", "sha256": "e19fdbe34dddfa46a92ae9596f62bc05851ecdb99e9838df7717e67eb6ca0445", "size": 709}, "Epoch": 999, "Loss": 0.02019510418176651, "Accuracy": 0.9919354915618896, "_runtime": 7, "_timestamp": 1625856745, "_step": 1000, "gradients/fc3.bias": {"_type": "histogram", "values": [1.0, 0.0, 0.0, 0.0, 0.0, 0.0, 0.0, 0.0, 0.0, 0.0, 0.0, 0.0, 0.0, 0.0, 0.0, 0.0, 0.0, 0.0, 0.0, 0.0, 0.0, 0.0, 0.0, 0.0, 0.0, 0.0, 0.0, 0.0, 0.0, 0.0, 0.0, 0.0, 0.0, 0.0, 0.0, 0.0, 0.0, 0.0, 0.0, 0.0, 1.0, 0.0, 0.0, 0.0, 0.0, 0.0, 0.0, 0.0, 0.0, 0.0, 0.0, 0.0, 0.0, 0.0, 0.0, 0.0, 0.0, 0.0, 0.0, 0.0, 0.0, 0.0, 0.0, 1.0], "bins": [-4.255212843418121e-05, -4.132702451897785e-05, -4.010192060377449e-05, -3.8876816688571125e-05, -3.765171277336776e-05, -3.64266088581644e-05, -3.520150494296104e-05, -3.3976401027757674e-05, -3.275129711255431e-05, -3.152619319735095e-05, -3.0301089282147586e-05, -2.9075985366944224e-05, -2.785088145174086e-05, -2.6625777536537498e-05, -2.5400673621334136e-05, -2.4175569706130773e-05, -2.295046579092741e-05, -2.1725361875724047e-05, -2.0500257960520685e-05, -1.9275154045317322e-05, -1.805005013011396e-05, -1.6824946214910597e-05, -1.5599842299707234e-05, -1.4374738384503871e-05, -1.3149634469300508e-05, -1.1924530554097146e-05, -1.0699426638893783e-05, -9.47432272369042e-06, -8.249218808487058e-06, -7.024114893283695e-06, -5.799010978080332e-06, -4.5739070628769696e-06, -3.348803147673607e-06, -2.123699232470244e-06, -8.985953172668815e-07, 3.2650859793648124e-07, 1.551612513139844e-06, 2.7767164283432066e-06, 4.001820343546569e-06, 5.226924258749932e-06, 6.452028173953295e-06, 7.677132089156657e-06, 8.90223600436002e-06, 1.0127339919563383e-05, 1.1352443834766746e-05, 1.2577547749970108e-05, 1.3802651665173471e-05, 1.5027755580376834e-05, 1.6252859495580196e-05, 1.747796341078356e-05, 1.8703067325986922e-05, 1.9928171241190284e-05, 2.1153275156393647e-05, 2.237837907159701e-05, 2.3603482986800373e-05, 2.4828586902003735e-05, 2.6053690817207098e-05, 2.727879473241046e-05, 2.8503898647613823e-05, 2.9729002562817186e-05, 3.095410647802055e-05, 3.217921039322391e-05, 3.3404314308427274e-05, 3.462941822363064e-05, 3.5854522138834e-05]}, "gradients/fc3.weight": {"_type": "histogram", "values": [1.0, 0.0, 0.0, 0.0, 0.0, 0.0, 1.0, 1.0, 2.0, 0.0, 1.0, 1.0, 6.0, 7.0, 2.0, 10.0, 13.0, 6.0, 12.0, 8.0, 5.0, 6.0, 7.0, 9.0, 5.0, 8.0, 8.0, 7.0, 6.0, 10.0, 10.0, 12.0, 14.0, 10.0, 6.0, 4.0, 3.0, 11.0, 5.0, 5.0, 5.0, 1.0, 3.0, 3.0, 5.0, 2.0, 4.0, 6.0, 6.0, 7.0, 7.0, 3.0, 4.0, 4.0, 5.0, 5.0, 0.0, 3.0, 2.0, 0.0, 2.0, 0.0, 0.0, 1.0], "bins": [-0.00020318455062806606, -0.00019678099488373846, -0.00019037742458749563, -0.00018397386884316802, -0.00017757031309884042, -0.0001711667573545128, -0.00016476318705826998, -0.00015835963131394237, -0.00015195607556961477, -0.00014555251982528716, -0.00013914894952904433, -0.00013274539378471673, -0.00012634183804038912, -0.0001199382750201039, -0.00011353471199981868, -0.00010713115625549108, -0.00010072759323520586, -9.432403021492064e-05, -8.792047447059304e-05, -8.151691145030782e-05, -7.511335570598021e-05, -6.870979268569499e-05, -6.230623694136739e-05, -5.590267392108217e-05, -4.949911090079695e-05, -4.309555151849054e-05, -3.6691992136184126e-05, -3.028843093488831e-05, -2.38848715525819e-05, -1.7481310351286083e-05, -1.1077750968979672e-05, -4.67419158667326e-06, 1.729364157654345e-06, 8.132923539960757e-06, 1.453648383176187e-05, 2.0940044123562984e-05, 2.7343603505869396e-05, 3.374716470716521e-05, 4.015072408947162e-05, 4.6554283471778035e-05, 5.295783921610564e-05, 5.936139859841205e-05, 6.576495798071846e-05, 7.216852100100368e-05, 7.857207674533129e-05, 8.49756397656165e-05, 9.137920278590173e-05, 9.778275853022933e-05, 0.00010418632155051455, 0.00011058988457079977, 0.00011699344031512737, 0.00012339699605945498, 0.0001298005663556978, 0.00013620412210002542, 0.00014260767784435302, 0.00014901123358868062, 0.00015541480388492346, 0.00016181835962925106, 0.0001682219299254939, 0.0001746254856698215, 0.0001810290414141491, 0.0001874325971584767, 0.00019383616745471954, 0.00020023972319904715, 0.00020664327894337475]}, "gradients/fc2.bias": {"_type": "histogram", "values": [1.0, 2.0, 0.0, 2.0, 2.0, 4.0, 6.0, 4.0, 6.0, 4.0, 2.0, 1.0, 5.0, 4.0, 0.0, 0.0, 2.0, 0.0, 1.0, 0.0, 2.0, 2.0, 0.0, 1.0, 1.0, 0.0, 3.0, 3.0, 0.0, 0.0, 0.0, 3.0, 1.0, 3.0, 3.0, 3.0, 3.0, 3.0, 1.0, 6.0, 7.0, 2.0, 2.0, 1.0, 1.0, 0.0, 1.0, 0.0, 1.0, 0.0, 0.0, 0.0, 0.0, 0.0, 0.0, 0.0, 0.0, 0.0, 0.0, 0.0, 0.0, 0.0, 0.0, 1.0], "bins": [-8.733966751606204e-06, -8.36374510981841e-06, -7.993523468030617e-06, -7.623301371495472e-06, -7.253079274960328e-06, -6.882857633172534e-06, -6.512635991384741e-06, -6.1424138948495965e-06, -5.772191798314452e-06, -5.401970156526659e-06, -5.031748059991514e-06, -4.661526418203721e-06, -4.2913043216685764e-06, -3.921082679880783e-06, -3.550860810719314e-06, -3.180638941557845e-06, -2.8104172997700516e-06, -2.4401954306085827e-06, -2.0699735614471138e-06, -1.6997518059724825e-06, -1.3295299368110136e-06, -9.593080676495447e-07, -5.890863121749135e-07, -2.1886444301344454e-07, 1.5135719877434894e-07, 5.215790679358179e-07, 8.918008802538679e-07, 1.262022692571918e-06, 1.632244561733387e-06, 2.002466317208018e-06, 2.372688186369487e-06, 2.742910055530956e-06, 3.1131321520661004e-06, 3.4833540212275693e-06, 3.853575890389038e-06, 4.223797532176832e-06, 4.594019628711976e-06, 4.96424127049977e-06, 5.334462912287563e-06, 5.7046850088227075e-06, 6.074907105357852e-06, 6.445128747145645e-06, 6.81535084368079e-06, 7.185572485468583e-06, 7.5557945820037276e-06, 7.926016223791521e-06, 8.296237865579315e-06, 8.66646041686181e-06, 9.036681149154902e-06, 9.406902790942695e-06, 9.777124432730488e-06, 1.0147346984012984e-05, 1.0517568625800777e-05, 1.088779026758857e-05, 1.1258011909376364e-05, 1.1628233551164158e-05, 1.1998456102446653e-05, 1.2368677744234446e-05, 1.273889938602224e-05, 1.3109121937304735e-05, 1.3479343579092529e-05, 1.3849565220880322e-05, 1.4219786862668116e-05, 1.4590008504455909e-05, 1.4960231055738404e-05]}, "gradients/fc2.weight": {"_type": "histogram", "values": [1.0, 0.0, 0.0, 0.0, 0.0, 0.0, 0.0, 0.0, 1.0, 0.0, 2.0, 3.0, 1.0, 1.0, 3.0, 3.0, 9.0, 5.0, 6.0, 7.0, 4.0, 4.0, 4.0, 4.0, 8.0, 16.0, 19.0, 15.0, 14.0, 20.0, 15.0, 74.0, 495.0, 1176.0, 595.0, 174.0, 4539.0, 332.0, 598.0, 917.0, 599.0, 124.0, 12.0, 13.0, 70.0, 17.0, 14.0, 13.0, 11.0, 9.0, 8.0, 5.0, 4.0, 5.0, 3.0, 5.0, 3.0, 4.0, 4.0, 6.0, 1.0, 2.0, 0.0, 3.0],